id_municipio,id_escola,localizacao,rede,atu_em,atu_em_1_ano,atu_em_2_ano,atu_em_3_ano,atu_em_4_ano,afd_em_grupo_1,had_em,had_em_1_ano,had_em_2_ano,had_em_3_ano,had_em_4_ano,tdi_em,tdi_em_1_ano,tdi_em_2_ano,tdi_em_3_ano,tdi_em_4_ano,taxa_abandono_em,taxa_abandono_em_1_ano,taxa_abandono_em_2_ano,taxa_abandono_em_3_ano,taxa_abandono_em_4_ano,dsu_em
3305554,33045470,rural,estadual,32.7,34.7,32.7,30.7,,70.9,9.8,9.8,9.8,9.8,,10.2,9.6,10.2,10.9,,,,,,,100.0
3305554,33045542,rural,estadual,16.2,18.0,14.5,16.0,,76.5,5.1,5.2,5.1,5.0,,33.0,30.6,48.3,21.9,,,,,,,100.0
3305554,33045550,rural,estadual,18.3,18.0,22.0,15.0,,95.5,5.3,5.3,5.3,5.3,,47.9,61.1,40.9,26.7,,,,,,,100.0
3305554,33045569,rural,estadual,36.4,39.3,34.0,35.5,,83.0,5.0,5.0,5.0,4.8,,57.4,65.3,51.0,53.5,,,,,,,100.0
3305554,33045577,rural,estadual,27.9,29.0,25.7,29.5,,85.0,5.3,5.3,5.3,5.3,,35.4,43.7,37.7,20.3,,,,,,,100.0
3305554,33166382,rural,estadual,25.3,33.0,21.0,26.0,,55.6,4.8,4.8,4.8,4.8,,78.2,69.7,88.1,73.1,,,,,,,100.0
3305554,33045186,rural,municipal,,,,,,,,,,,,,,,,,,,,,,
3305554,33045194,rural,municipal,,,,,,,,,,,,,,,,,,,,,,
3305554,33045593,rural,municipal,,,,,,,,,,,,,,,,,,,,,,
3305554,33045607,rural,municipal,,,,,,,,,,,,,,,,,,,,,,
3305554,33045623,rural,municipal,,,,,,,,,,,,,,,,,,,,,,
3305554,33045631,rural,municipal,,,,,,,,,,,,,,,,,,,,,,
3305554,33045640,rural,municipal,,,,,,,,,,,,,,,,,,,,,,
3305554,33045658,rural,municipal,,,,,,,,,,,,,,,,,,,,,,
3305554,33045682,rural,municipal,,,,,,,,,,,,,,,,,,,,,,
3305554,33045704,rural,municipal,,,,,,,,,,,,,,,,,,,,,,
3305554,33045712,rural,municipal,,,,,,,,,,,,,,,,,,,,,,
3305554,33045720,rural,municipal,,,,,,,,,,,,,,,,,,,,,,
3305554,33045755,rural,municipal,,,,,,,,,,,,,,,,,,,,,,
3305554,33045763,rural,municipal,,,,,,,,,,,,,,,,,,,,,,
3305554,33120188,rural,municipal,,,,,,,,,,,,,,,,,,,,,,
3305554,33120196,rural,municipal,,,,,,,,,,,,,,,,,,,,,,
3305554,33126763,rural,municipal,,,,,,,,,,,,,,,,,,,,,,
3305554,33126771,rural,municipal,,,,,,,,,,,,,,,,,,,,,,
3305554,33131147,rural,municipal,,,,,,,,,,,,,,,,,,,,,,
3305554,33131155,rural,municipal,,,,,,,,,,,,,,,,,,,,,,
3305554,33131198,rural,municipal,,,,,,,,,,,,,,,,,,,,,,
3305554,33139202,rural,municipal,,,,,,,,,,,,,,,,,,,,,,
3305554,33139229,rural,municipal,,,,,,,,,,,,,,,,,,,,,,
3305554,33141967,rural,municipal,,,,,,,,,,,,,,,,,,,,,,
3305554,33141975,rural,municipal,,,,,,,,,,,,,,,,,,,,,,
3305554,33141991,rural,municipal,,,,,,,,,,,,,,,,,,,,,,
3305554,33142009,rural,municipal,,,,,,,,,,,,,,,,,,,,,,
3305554,33145687,rural,municipal,,,,,,,,,,,,,,,,,,,,,,
3305554,33145695,rural,municipal,,,,,,,,,,,,,,,,,,,,,,
3305554,33149569,rural,municipal,,,,,,,,,,,,,,,,,,,,,,
3305554,33154465,rural,municipal,,,,,,,,,,,,,,,,,,,,,,
3305554,33177236,rural,municipal,,,,,,,,,,,,,,,,,,,,,,
3305554,33112657,rural,privada,21.3,22.0,21.0,21.0,,76.9,6.2,6.2,6.2,6.2,,3.1,0.0,9.5,0.0,,,,,,,100.0
3305554,33120161,rural,privada,,,,,,,,,,,,,,,,,,,,,,
3305554,33149615,rural,privada,27.3,31.0,22.0,29.0,,100.0,4.9,5.0,4.7,5.0,,9.8,9.7,13.6,6.9,,,,,,,100.0
3305554,33186456,rural,privada,,,,,,,,,,,,,,,,,,,,,,
3305554,33045437,urbana,estadual,29.9,29.3,32.5,27.3,,74.4,5.3,5.8,5.1,5.0,,55.0,55.6,58.5,48.8,,,,,,,100.0
3305554,33045445,urbana,estadual,32.8,34.8,30.7,32.5,,89.8,5.2,5.2,5.2,5.2,,45.9,57.8,43.1,28.7,,,,,,,100.0
3305554,33045496,urbana,estadual,32.4,29.2,39.8,29.0,,77.4,7.7,7.9,7.6,7.8,,36.2,38.9,38.2,30.3,,,,,,,100.0
3305554,33045518,urbana,federal,29.3,34.2,26.8,26.8,,87.0,7.7,7.6,7.6,7.8,,15.5,14.6,17.2,14.9,,,,,,,100.0
3305554,33045410,urbana,municipal,,,,,,,,,,,,,,,,,,,,,,
3305554,33045615,urbana,municipal,,,,,,,,,,,,,,,,,,,,,,
3305554,33045666,urbana,municipal,,,,,,,,,,,,,,,,,,,,,,
3305554,33045674,urbana,municipal,,,,,,,,,,,,,,,,,,,,,,
3305554,33120218,urbana,municipal,,,,,,,,,,,,,,,,,,,,,,
3305554,33131139,urbana,municipal,,,,,,,,,,,,,,,,,,,,,,
3305554,33139180,urbana,municipal,,,,,,,,,,,,,,,,,,,,,,
3305554,33142017,urbana,municipal,,,,,,,,,,,,,,,,,,,,,,
3305554,33145610,urbana,municipal,,,,,,,,,,,,,,,,,,,,,,
3305554,33145679,urbana,municipal,,,,,,,,,,,,,,,,,,,,,,
3305554,33177902,urbana,municipal,,,,,,,,,,,,,,,,,,,,,,
3305554,33524211,urbana,municipal,,,,,,,,,,,,,,,,,,,,,,
3305554,33103666,urbana,privada,13.0,,14.0,12.0,,60.7,5.2,,5.2,5.2,,3.8,,7.1,0.0,,,,,,,92.3
3305554,33130078,urbana,privada,,,,,,,,,,,,,,,,,,,,,,
3305554,33164347,urbana,privada,,,,,,,,,,,,,,,,,,,,,,
3305554,33170371,urbana,privada,29.7,40.0,32.0,17.0,,76.9,6.2,6.2,6.2,6.2,,13.5,10.0,15.6,17.6,,,,,,,100.0
3305554,33180393,urbana,privada,,,,,,,,,,,,,,,,,,,,,,
3305554,33189234,urbana,privada,,,,,,,,,,,,,,,,,,,,,,
3305554,33045445,rural,estadual,36.8,37.6,37.7,34.5,,,,,,,,56.6,57.2,52.7,60.4,,12.9,10.9,11.3,18.6,,
3305554,33045470,rural,estadual,47.4,54.5,45.4,39.3,,,,,,,,66.2,71.6,61.7,61.8,,31.8,36.2,33.0,21.6,,
3305554,33045496,rural,estadual,38.1,39.3,39.6,32.9,41.0,,,,,,,47.4,42.9,44.7,50.4,58.5,0.3,1.0,0.0,0.0,0.0,
3305554,33045542,rural,estadual,18.6,22.0,12.5,24.0,,,,,,,,58.1,70.5,44.0,50.0,,22.0,30.2,8.0,21.7,,
3305554,33045550,rural,estadual,19.0,22.0,16.0,,,,,,,,,42.1,45.5,37.5,,,0.0,0.0,0.0,,,
3305554,33045569,rural,estadual,41.3,41.7,59.0,32.0,,,,,,,,92.7,92.8,93.2,92.2,,51.5,66.6,56.9,17.8,,
3305554,33045186,rural,municipal,,,,,,,,,,,,,,,,,,,,,,
3305554,33045194,rural,municipal,,,,,,,,,,,,,,,,,,,,,,
3305554,33045593,rural,municipal,,,,,,,,,,,,,,,,,,,,,,
3305554,33045607,rural,municipal,,,,,,,,,,,,,,,,,,,,,,
3305554,33045623,rural,municipal,,,,,,,,,,,,,,,,,,,,,,
3305554,33045631,rural,municipal,,,,,,,,,,,,,,,,,,,,,,
3305554,33045640,rural,municipal,,,,,,,,,,,,,,,,,,,,,,
3305554,33045658,rural,municipal,,,,,,,,,,,,,,,,,,,,,,
3305554,33045682,rural,municipal,,,,,,,,,,,,,,,,,,,,,,
3305554,33045690,rural,municipal,,,,,,,,,,,,,,,,,,,,,,
3305554,33045704,rural,municipal,,,,,,,,,,,,,,,,,,,,,,
3305554,33045712,rural,municipal,,,,,,,,,,,,,,,,,,,,,,
3305554,33045720,rural,municipal,,,,,,,,,,,,,,,,,,,,,,
3305554,33045739,rural,municipal,,,,,,,,,,,,,,,,,,,,,,
3305554,33045747,rural,municipal,,,,,,,,,,,,,,,,,,,,,,
3305554,33045755,rural,municipal,,,,,,,,,,,,,,,,,,,,,,
3305554,33045763,rural,municipal,,,,,,,,,,,,,,,,,,,,,,
3305554,33120188,rural,municipal,,,,,,,,,,,,,,,,,,,,,,
3305554,33120196,rural,municipal,,,,,,,,,,,,,,,,,,,,,,
3305554,33120200,rural,municipal,,,,,,,,,,,,,,,,,,,,,,
3305554,33126763,rural,municipal,,,,,,,,,,,,,,,,,,,,,,
3305554,33126771,rural,municipal,,,,,,,,,,,,,,,,,,,,,,
3305554,33131147,rural,municipal,,,,,,,,,,,,,,,,,,,,,,
3305554,33131155,rural,municipal,,,,,,,,,,,,,,,,,,,,,,
3305554,33131198,rural,municipal,,,,,,,,,,,,,,,,,,,,,,
3305554,33139202,rural,municipal,,,,,,,,,,,,,,,,,,,,,,
3305554,33139229,rural,municipal,,,,,,,,,,,,,,,,,,,,,,
3305554,33141967,rural,municipal,,,,,,,,,,,,,,,,,,,,,,
3305554,33141975,rural,municipal,,,,,,,,,,,,,,,,,,,,,,
3305554,33141991,rural,municipal,,,,,,,,,,,,,,,,,,,,,,
3305554,33142009,rural,municipal,,,,,,,,,,,,,,,,,,,,,,
3305554,33145687,rural,municipal,,,,,,,,,,,,,,,,,,,,,,
3305554,33145695,rural,municipal,,,,,,,,,,,,,,,,,,,,,,
3305554,33149569,rural,municipal,,,,,,,,,,,,,,,,,,,,,,
3305554,33154465,rural,municipal,,,,,,,,,,,,,,,,,,,,,,
3305554,33045500,rural,privada,30.7,30.0,28.0,34.0,,,,,,,,8.7,6.7,10.7,8.8,,0.0,0.0,0.0,0.0,,
3305554,33112657,rural,privada,,,,,,,,,,,,,,,,,,,,,,
3305554,33120161,rural,privada,,,,,,,,,,,,,,,,,,,,,,
3305554,33149615,rural,privada,18.8,18.0,18.0,21.0,,,,,,,,4.0,5.6,5.6,,,0.0,0.0,0.0,0.0,,
3305554,33219800,rural,privada,,,,,,,,,,,,,,,,,,,,,,
3305554,33045437,urbana,estadual,36.2,40.3,32.0,33.7,,,,,,,,73.1,77.0,71.9,64.4,,38.9,47.8,32.1,24.7,,
3305554,33045577,urbana,estadual,33.7,32.5,34.3,34.8,,,,,,,,53.6,50.8,51.1,58.6,,16.9,14.7,13.6,21.6,,
3305554,33045518,urbana,federal,30.9,35.8,30.5,26.5,,,,,,,,12.1,14.0,9.8,12.3,,5.5,11.3,3.3,0.0,,
3305554,33045410,urbana,municipal,,,,,,,,,,,,,,,,,,,,,,
3305554,33045615,urbana,municipal,,,,,,,,,,,,,,,,,,,,,,
3305554,33045666,urbana,municipal,,,,,,,,,,,,,,,,,,,,,,
3305554,33045674,urbana,municipal,,,,,,,,,,,,,,,,,,,,,,
3305554,33120218,urbana,municipal,,,,,,,,,,,,,,,,,,,,,,
3305554,33131139,urbana,municipal,,,,,,,,,,,,,,,,,,,,,,
3305554,33139180,urbana,municipal,,,,,,,,,,,,,,,,,,,,,,
3305554,33142017,urbana,municipal,,,,,,,,,,,,,,,,,,,,,,
3305554,33145610,urbana,municipal,,,,,,,,,,,,,,,,,,,,,,
3305554,33145679,urbana,municipal,,,,,,,,,,,,,,,,,,,,,,
3305554,33045429,urbana,privada,12.0,19.0,6.0,11.0,,,,,,,,8.3,10.5,,9.1,,0.0,0.0,0.0,0.0,,
3305554,33103666,urbana,privada,20.0,16.0,25.0,19.0,,,,,,,,10.0,12.5,12.0,5.3,,,,,,,
3305554,33130078,urbana,privada,,,,,,,,,,,,,,,,,,,,,,
3305554,33131376,urbana,privada,,,,,,,,,,,,,,,,,,,,,,
3305554,33045445,rural,estadual,41.5,42.0,41.1,41.0,,,,,,,,66.1,62.2,66.7,72.7,,15.0,15.7,19.5,7.1,,
3305554,33045470,rural,estadual,43.9,46.1,39.0,44.3,,,,,,,,69.1,69.1,72.4,65.4,,26.5,26.9,32.2,18.5,,
3305554,33045496,rural,estadual,36.3,41.3,33.3,32.1,37.2,,,,,,,52.1,42.9,59.3,59.6,52.2,13.5,15.6,16.3,10.0,9.2,
3305554,33045542,rural,estadual,19.2,18.0,14.5,31.0,,,,,,,,52.1,50.0,51.7,54.8,,16.1,17.1,21.4,10.0,,
3305554,33045550,rural,estadual,24.0,29.0,,19.0,,,,,,,,58.3,55.2,,63.2,,0.0,0.0,,0.0,,
3305554,33045569,rural,estadual,53.2,60.0,43.5,59.0,,,,,,,,93.2,93.3,96.6,88.1,,43.5,58.6,35.6,25.4,,
3305554,33045186,rural,municipal,,,,,,,,,,,,,,,,,,,,,,
3305554,33045194,rural,municipal,,,,,,,,,,,,,,,,,,,,,,
3305554,33045593,rural,municipal,,,,,,,,,,,,,,,,,,,,,,
3305554,33045607,rural,municipal,,,,,,,,,,,,,,,,,,,,,,
3305554,33045623,rural,municipal,,,,,,,,,,,,,,,,,,,,,,
3305554,33045631,rural,municipal,,,,,,,,,,,,,,,,,,,,,,
3305554,33045640,rural,municipal,,,,,,,,,,,,,,,,,,,,,,
3305554,33045658,rural,municipal,,,,,,,,,,,,,,,,,,,,,,
3305554,33045682,rural,municipal,,,,,,,,,,,,,,,,,,,,,,
3305554,33045690,rural,municipal,,,,,,,,,,,,,,,,,,,,,,
3305554,33045704,rural,municipal,,,,,,,,,,,,,,,,,,,,,,
3305554,33045712,rural,municipal,,,,,,,,,,,,,,,,,,,,,,
3305554,33045720,rural,municipal,,,,,,,,,,,,,,,,,,,,,,
3305554,33045739,rural,municipal,,,,,,,,,,,,,,,,,,,,,,
3305554,33045747,rural,municipal,,,,,,,,,,,,,,,,,,,,,,
3305554,33045755,rural,municipal,,,,,,,,,,,,,,,,,,,,,,
3305554,33045763,rural,municipal,,,,,,,,,,,,,,,,,,,,,,
3305554,33120188,rural,municipal,,,,,,,,,,,,,,,,,,,,,,
3305554,33120196,rural,municipal,,,,,,,,,,,,,,,,,,,,,,
3305554,33120200,rural,municipal,,,,,,,,,,,,,,,,,,,,,,
3305554,33126763,rural,municipal,,,,,,,,,,,,,,,,,,,,,,
3305554,33126771,rural,municipal,,,,,,,,,,,,,,,,,,,,,,
3305554,33131147,rural,municipal,,,,,,,,,,,,,,,,,,,,,,
3305554,33131155,rural,municipal,,,,,,,,,,,,,,,,,,,,,,
3305554,33131198,rural,municipal,,,,,,,,,,,,,,,,,,,,,,
3305554,33139202,rural,municipal,,,,,,,,,,,,,,,,,,,,,,
3305554,33139229,rural,municipal,,,,,,,,,,,,,,,,,,,,,,
3305554,33141967,rural,municipal,,,,,,,,,,,,,,,,,,,,,,
3305554,33141975,rural,municipal,,,,,,,,,,,,,,,,,,,,,,
3305554,33141991,rural,municipal,,,,,,,,,,,,,,,,,,,,,,
3305554,33142009,rural,municipal,,,,,,,,,,,,,,,,,,,,,,
3305554,33145687,rural,municipal,,,,,,,,,,,,,,,,,,,,,,
3305554,33145695,rural,municipal,,,,,,,,,,,,,,,,,,,,,,
3305554,33149569,rural,municipal,,,,,,,,,,,,,,,,,,,,,,
3305554,33154465,rural,municipal,,,,,,,,,,,,,,,,,,,,,,
3305554,33045500,rural,privada,33.0,36.0,37.0,29.5,,,,,,,,13.6,13.9,10.8,15.3,,0.0,0.0,0.0,0.0,,
3305554,33112657,rural,privada,,,,,,,,,,,,,,,,,,,,,,
3305554,33120161,rural,privada,,,,,,,,,,,,,,,,,,,,,,
3305554,33149615,rural,privada,23.3,34.0,24.0,12.0,,,,,,,,7.1,14.7,,,,1.4,0.0,4.2,0.0,,
3305554,33045437,urbana,estadual,37.3,40.0,35.6,33.3,,,,,,,,81.7,83.1,82.6,76.7,,37.7,42.6,46.0,13.6,,
3305554,33045577,urbana,estadual,33.3,30.7,34.7,35.8,,,,,,,,57.4,57.7,57.7,56.6,,27.0,30.5,22.1,28.9,,
3305554,33045518,urbana,federal,30.2,35.0,30.6,26.0,,,,,,,,9.7,6.7,12.4,8.7,,8.1,13.3,8.0,2.9,,
3305554,33045410,urbana,municipal,,,,,,,,,,,,,,,,,,,,,,
3305554,33045615,urbana,municipal,,,,,,,,,,,,,,,,,,,,,,
3305554,33045666,urbana,municipal,,,,,,,,,,,,,,,,,,,,,,
3305554,33045674,urbana,municipal,,,,,,,,,,,,,,,,,,,,,,
3305554,33120218,urbana,municipal,,,,,,,,,,,,,,,,,,,,,,
3305554,33131139,urbana,municipal,,,,,,,,,,,,,,,,,,,,,,
3305554,33139180,urbana,municipal,,,,,,,,,,,,,,,,,,,,,,
3305554,33142017,urbana,municipal,,,,,,,,,,,,,,,,,,,,,,
3305554,33145610,urbana,municipal,,,,,,,,,,,,,,,,,,,,,,
3305554,33145679,urbana,municipal,,,,,,,,,,,,,,,,,,,,,,
3305554,33045429,urbana,privada,9.7,8.0,8.0,13.0,,,,,,,,6.9,,12.5,7.7,,0.0,0.0,0.0,0.0,,
3305554,33103500,urbana,privada,,,,,,,,,,,,,,,,,,,,,,
3305554,33103666,urbana,privada,22.3,24.0,20.0,23.0,,,,,,,,10.4,12.5,5.0,13.0,,,,,,,
3305554,33130078,urbana,privada,,,,,,,,,,,,,,,,,,,,,,
3305554,33131376,urbana,privada,,,,,,,,,,,,,,,,,,,,,,
3305554,33045445,rural,estadual,33.5,36.3,32.6,30.0,,,5.2,5.2,5.1,5.1,,35.4,37.2,39.9,26.1,,2.1,2.0,3.3,0.5,,96.5
3305554,33045470,rural,estadual,34.8,42.2,33.4,34.0,,,5.1,5.2,5.2,5.2,,37.0,33.2,40.1,39.0,,0.0,0.0,0.0,0.0,,100.0
3305554,33045542,rural,estadual,20.7,27.5,16.5,18.0,,,5.0,5.0,5.0,4.9,,42.7,38.2,48.5,44.4,,5.7,7.6,6.1,2.7,,100.0
3305554,33045550,rural,estadual,22.0,24.0,24.0,16.0,,,5.3,5.3,5.3,5.3,,31.8,33.3,37.5,18.8,,5.7,6.3,4.1,6.2,,100.0
3305554,33045569,rural,estadual,25.0,36.0,22.5,11.0,,,4.8,4.9,4.7,4.7,,64.0,60.2,66.7,77.3,,18.1,20.2,17.7,9.1,,100.0
3305554,33045186,rural,municipal,,,,,,,,,,,,,,,,,,,,,,
3305554,33045194,rural,municipal,,,,,,,,,,,,,,,,,,,,,,
3305554,33045593,rural,municipal,,,,,,,,,,,,,,,,,,,,,,
3305554,33045607,rural,municipal,,,,,,,,,,,,,,,,,,,,,,
3305554,33045623,rural,municipal,,,,,,,,,,,,,,,,,,,,,,
3305554,33045631,rural,municipal,,,,,,,,,,,,,,,,,,,,,,
3305554,33045640,rural,municipal,,,,,,,,,,,,,,,,,,,,,,
3305554,33045658,rural,municipal,,,,,,,,,,,,,,,,,,,,,,
3305554,33045682,rural,municipal,,,,,,,,,,,,,,,,,,,,,,
3305554,33045704,rural,municipal,,,,,,,,,,,,,,,,,,,,,,
3305554,33045712,rural,municipal,,,,,,,,,,,,,,,,,,,,,,
3305554,33045720,rural,municipal,,,,,,,,,,,,,,,,,,,,,,
3305554,33045739,rural,municipal,,,,,,,,,,,,,,,,,,,,,,
3305554,33045755,rural,municipal,,,,,,,,,,,,,,,,,,,,,,
3305554,33045763,rural,municipal,,,,,,,,,,,,,,,,,,,,,,
3305554,33120188,rural,municipal,,,,,,,,,,,,,,,,,,,,,,
3305554,33120196,rural,municipal,,,,,,,,,,,,,,,,,,,,,,
3305554,33126763,rural,municipal,,,,,,,,,,,,,,,,,,,,,,
3305554,33126771,rural,municipal,,,,,,,,,,,,,,,,,,,,,,
3305554,33131147,rural,municipal,,,,,,,,,,,,,,,,,,,,,,
3305554,33131155,rural,municipal,,,,,,,,,,,,,,,,,,,,,,
3305554,33131198,rural,municipal,,,,,,,,,,,,,,,,,,,,,,
3305554,33139202,rural,municipal,,,,,,,,,,,,,,,,,,,,,,
3305554,33139229,rural,municipal,,,,,,,,,,,,,,,,,,,,,,
3305554,33141967,rural,municipal,,,,,,,,,,,,,,,,,,,,,,
3305554,33141975,rural,municipal,,,,,,,,,,,,,,,,,,,,,,
3305554,33141991,rural,municipal,,,,,,,,,,,,,,,,,,,,,,
3305554,33142009,rural,municipal,,,,,,,,,,,,,,,,,,,,,,
3305554,33145687,rural,municipal,,,,,,,,,,,,,,,,,,,,,,
3305554,33145695,rural,municipal,,,,,,,,,,,,,,,,,,,,,,
3305554,33149569,rural,municipal,,,,,,,,,,,,,,,,,,,,,,
3305554,33154465,rural,municipal,,,,,,,,,,,,,,,,,,,,,,
3305554,33045500,rural,privada,23.0,28.0,18.0,23.0,,,4.5,4.5,4.5,4.6,,10.1,10.7,11.1,8.7,,1.5,3.6,0.0,0.0,,100.0
3305554,33112657,rural,privada,,,,,,,,,,,,,,,,,,,,,,
3305554,33120161,rural,privada,,,,,,,,,,,,,,,,,,,,,,
3305554,33149615,rural,privada,20.7,27.0,23.0,12.0,,,4.8,5.0,5.0,4.2,,11.3,14.8,8.7,8.3,,0.0,0.0,0.0,0.0,,100.0
3305554,33219800,rural,privada,,,,,,,,,,,,,,,,,,,,,,
3305554,33045437,urbana,estadual,29.4,32.8,32.0,24.3,,,5.1,5.2,5.1,5.1,,38.4,44.2,35.9,29.9,,10.0,14.3,6.9,7.0,,100.0
3305554,33045496,urbana,estadual,29.4,30.6,31.7,26.8,30.7,,7.1,7.9,7.1,7.8,5.3,31.0,33.1,28.4,18.7,48.9,4.6,8.0,4.9,1.6,1.1,98.4
3305554,33045577,urbana,estadual,28.6,33.8,29.0,21.3,,,5.3,5.3,5.3,5.3,,33.9,41.5,26.4,28.1,,0.4,0.0,0.0,1.7,,100.0
3305554,33045518,urbana,federal,30.9,36.6,27.0,28.5,,,7.3,7.3,7.5,7.1,,10.0,12.0,9.6,7.0,,3.8,6.2,3.0,0.9,,97.9
3305554,33045410,urbana,municipal,,,,,,,,,,,,,,,,,,,,,,
3305554,33045615,urbana,municipal,,,,,,,,,,,,,,,,,,,,,,
3305554,33045666,urbana,municipal,,,,,,,,,,,,,,,,,,,,,,
3305554,33045674,urbana,municipal,,,,,,,,,,,,,,,,,,,,,,
3305554,33120218,urbana,municipal,,,,,,,,,,,,,,,,,,,,,,
3305554,33131139,urbana,municipal,,,,,,,,,,,,,,,,,,,,,,
3305554,33139180,urbana,municipal,,,,,,,,,,,,,,,,,,,,,,
3305554,33142017,urbana,municipal,,,,,,,,,,,,,,,,,,,,,,
3305554,33145610,urbana,municipal,,,,,,,,,,,,,,,,,,,,,,
3305554,33145679,urbana,municipal,,,,,,,,,,,,,,,,,,,,,,
3305554,33524211,urbana,municipal,,,,,,,,,,,,,,,,,,,,,,
3305554,33045429,urbana,privada,29.0,32.0,39.0,16.0,,,6.2,6.2,6.2,6.2,,8.0,9.4,7.7,6.3,,2.3,0.0,2.5,6.7,,100.0
3305554,33103500,urbana,privada,,,,,,,,,,,,,,,,,,,,,,
3305554,33103666,urbana,privada,20.7,31.0,11.0,20.0,,,5.2,5.2,5.2,5.2,,8.1,6.5,,15.0,,0.0,0.0,0.0,0.0,,92.9
3305554,33130078,urbana,privada,,,,,,,,,,,,,,,,,,,,,,
3305554,33164347,urbana,privada,,,,,,,,,,,,,,,,,,,,,,
3305554,33541213,urbana,privada,,,,,,,,,,,,,,,,,,,,,,
3305554,33045470,rural,estadual,30.9,33.0,35.0,27.8,,65.9,7.8,9.8,9.8,5.3,,16.7,13.1,11.4,22.2,,0.0,0.0,0.0,0.0,,100.0
3305554,33045542,rural,estadual,18.8,19.0,19.5,18.0,,76.5,5.1,5.0,5.0,5.1,,38.1,52.6,33.3,27.8,,8.1,14.3,7.5,2.8,,100.0
3305554,33045550,rural,estadual,22.0,26.0,21.0,19.0,,100.0,5.3,5.3,5.3,5.3,,40.9,46.2,42.9,31.6,,3.2,0.0,11.1,0.0,,100.0
3305554,33045569,rural,estadual,38.4,41.7,38.5,33.5,,76.9,4.9,5.0,4.9,4.8,,61.3,60.0,61.0,64.2,,7.6,10.6,2.8,7.3,,100.0
3305554,33045577,rural,estadual,24.6,25.0,22.7,27.0,,88.9,5.3,5.3,5.3,5.3,,32.5,44.0,27.9,22.2,,1.7,4.4,0.0,0.0,,100.0
3305554,33166382,rural,estadual,26.3,22.5,24.0,36.0,,57.8,4.8,4.8,4.8,4.8,,81.9,88.9,75.0,77.8,,14.3,16.0,8.3,16.2,,100.0
3305554,33045186,rural,municipal,,,,,,,,,,,,,,,,,,,,,,
3305554,33045194,rural,municipal,,,,,,,,,,,,,,,,,,,,,,
3305554,33045593,rural,municipal,,,,,,,,,,,,,,,,,,,,,,
3305554,33045607,rural,municipal,,,,,,,,,,,,,,,,,,,,,,
3305554,33045623,rural,municipal,,,,,,,,,,,,,,,,,,,,,,
3305554,33045631,rural,municipal,,,,,,,,,,,,,,,,,,,,,,
3305554,33045640,rural,municipal,,,,,,,,,,,,,,,,,,,,,,
3305554,33045658,rural,municipal,,,,,,,,,,,,,,,,,,,,,,
3305554,33045682,rural,municipal,,,,,,,,,,,,,,,,,,,,,,
3305554,33045704,rural,municipal,,,,,,,,,,,,,,,,,,,,,,
3305554,33045712,rural,municipal,,,,,,,,,,,,,,,,,,,,,,
3305554,33045720,rural,municipal,,,,,,,,,,,,,,,,,,,,,,
3305554,33045755,rural,municipal,,,,,,,,,,,,,,,,,,,,,,
3305554,33045763,rural,municipal,,,,,,,,,,,,,,,,,,,,,,
3305554,33120188,rural,municipal,,,,,,,,,,,,,,,,,,,,,,
3305554,33120196,rural,municipal,,,,,,,,,,,,,,,,,,,,,,
3305554,33126763,rural,municipal,,,,,,,,,,,,,,,,,,,,,,
3305554,33126771,rural,municipal,,,,,,,,,,,,,,,,,,,,,,
3305554,33131147,rural,municipal,,,,,,,,,,,,,,,,,,,,,,
3305554,33131155,rural,municipal,,,,,,,,,,,,,,,,,,,,,,
3305554,33131198,rural,municipal,,,,,,,,,,,,,,,,,,,,,,
3305554,33139202,rural,municipal,,,,,,,,,,,,,,,,,,,,,,
3305554,33139229,rural,municipal,,,,,,,,,,,,,,,,,,,,,,
3305554,33141967,rural,municipal,,,,,,,,,,,,,,,,,,,,,,
3305554,33141975,rural,municipal,,,,,,,,,,,,,,,,,,,,,,
3305554,33141991,rural,municipal,,,,,,,,,,,,,,,,,,,,,,
3305554,33142009,rural,municipal,,,,,,,,,,,,,,,,,,,,,,
3305554,33145687,rural,municipal,,,,,,,,,,,,,,,,,,,,,,
3305554,33145695,rural,municipal,,,,,,,,,,,,,,,,,,,,,,
3305554,33149569,rural,municipal,,,,,,,,,,,,,,,,,,,,,,
3305554,33154465,rural,municipal,,,,,,,,,,,,,,,,,,,,,,
3305554,33177236,rural,municipal,,,,,,,,,,,,,,,,,,,,,,
3305554,33045500,rural,privada,9.5,,7.0,12.0,,33.3,5.3,,5.3,5.3,,21.1,,14.3,25.0,,,,,,,76.9
3305554,33112657,rural,privada,26.3,31.0,26.0,22.0,,81.1,6.2,6.2,6.2,6.2,,5.1,9.7,0.0,4.5,,0.0,0.0,0.0,0.0,,100.0
3305554,33120161,rural,privada,,,,,,,,,,,,,,,,,,,,,,
3305554,33149615,rural,privada,23.0,24.0,31.0,14.0,,68.6,5.0,5.0,5.0,5.0,,8.7,4.2,9.7,14.3,,0.0,0.0,0.0,0.0,,100.0
3305554,33186456,rural,privada,,,,,,,,,,,,,,,,,,,,,,
3305554,33045437,urbana,estadual,32.4,30.3,32.0,35.7,,84.6,5.0,5.2,5.0,5.0,,55.1,56.2,62.5,44.9,,10.0,6.6,15.0,8.5,,100.0
3305554,33045445,urbana,estadual,32.3,34.6,31.1,29.7,,91.1,5.2,5.2,5.2,5.2,,40.6,48.8,38.2,26.4,,5.5,6.5,6.4,1.8,,100.0
3305554,33045496,urbana,estadual,30.6,31.3,34.6,25.6,,84.5,8.0,7.9,8.0,8.0,,36.6,31.9,42.2,35.9,,3.3,2.8,5.7,0.8,,100.0
3305554,33045518,urbana,federal,27.0,29.2,27.4,24.4,,74.9,7.7,7.8,7.6,7.5,,15.1,17.8,14.6,12.3,,1.3,2.8,0.0,0.8,,100.0
3305554,33045410,urbana,municipal,,,,,,,,,,,,,,,,,,,,,,
3305554,33045615,urbana,municipal,,,,,,,,,,,,,,,,,,,,,,
3305554,33045666,urbana,municipal,,,,,,,,,,,,,,,,,,,,,,
3305554,33045674,urbana,municipal,,,,,,,,,,,,,,,,,,,,,,
3305554,33120218,urbana,municipal,,,,,,,,,,,,,,,,,,,,,,
3305554,33131139,urbana,municipal,,,,,,,,,,,,,,,,,,,,,,
3305554,33139180,urbana,municipal,,,,,,,,,,,,,,,,,,,,,,
3305554,33142017,urbana,municipal,,,,,,,,,,,,,,,,,,,,,,
3305554,33145610,urbana,municipal,,,,,,,,,,,,,,,,,,,,,,
3305554,33145679,urbana,municipal,,,,,,,,,,,,,,,,,,,,,,
3305554,33177902,urbana,municipal,,,,,,,,,,,,,,,,,,,,,,
3305554,33524211,urbana,municipal,,,,,,,,,,,,,,,,,,,,,,
3305554,33103500,urbana,privada,,,,,,,,,,,,,,,,,,,,,,
3305554,33103666,urbana,privada,17.3,16.0,12.0,24.0,,69.8,5.2,5.2,5.2,5.2,,7.7,6.3,0.0,12.5,,0.0,0.0,0.0,0.0,,92.3
3305554,33130078,urbana,privada,,,,,,,,,,,,,,,,,,,,,,
3305554,33164347,urbana,privada,,,,,,,,,,,,,,,,,,,,,,
3305554,33170371,urbana,privada,22.3,37.0,14.0,16.0,,71.4,5.5,5.5,5.5,5.5,,14.9,24.3,7.1,0.0,,0.0,0.0,0.0,0.0,,100.0
3305554,33172846,urbana,privada,,,,,,,,,,,,,,,,,,,,,,
3305554,33180393,urbana,privada,,,,,,,,,,,,,,,,,,,,,,
3305554,33541213,urbana,privada,,,,,,,,,,,,,,,,,,,,,,
3305554,33045470,rural,estadual,33.4,34.0,35.4,31.2,,52.0,5.3,5.3,5.3,5.3,,22.7,25.9,23.7,18.7,,0.0,0.0,0.0,0.0,,97.5
3305554,33045542,rural,estadual,15.4,17.0,16.7,12.7,,66.3,5.0,5.1,5.0,5.0,,42.4,37.3,46.0,44.7,,7.3,7.9,8.0,5.4,,100.0
3305554,33045550,rural,estadual,13.7,12.0,14.0,15.7,,72.1,5.3,5.3,5.3,5.3,,26.3,35.4,26.2,17.0,,11.3,13.3,9.7,10.7,,100.0
3305554,33045569,rural,estadual,27.3,25.0,36.0,21.7,,87.4,4.9,4.9,4.9,4.8,,56.8,66.0,54.6,46.2,,1.9,4.3,1.2,0.0,,100.0
3305554,33045577,rural,estadual,21.0,22.8,23.0,15.8,,62.9,5.2,5.3,5.2,5.2,,38.4,42.3,36.5,33.3,,0.3,0.8,0.0,0.0,,100.0
3305554,33166382,rural,estadual,23.3,26.0,26.0,18.0,,55.9,4.8,4.8,4.8,4.8,,65.7,80.8,61.5,50.0,,4.3,7.7,3.8,0.0,,90.9
3305554,33045186,rural,municipal,,,,,,,,,,,,,,,,,,,,,,
3305554,33045194,rural,municipal,,,,,,,,,,,,,,,,,,,,,,
3305554,33045593,rural,municipal,,,,,,,,,,,,,,,,,,,,,,
3305554,33045607,rural,municipal,,,,,,,,,,,,,,,,,,,,,,
3305554,33045623,rural,municipal,,,,,,,,,,,,,,,,,,,,,,
3305554,33045631,rural,municipal,,,,,,,,,,,,,,,,,,,,,,
3305554,33045640,rural,municipal,,,,,,,,,,,,,,,,,,,,,,
3305554,33045658,rural,municipal,,,,,,,,,,,,,,,,,,,,,,
3305554,33045682,rural,municipal,,,,,,,,,,,,,,,,,,,,,,
3305554,33045704,rural,municipal,,,,,,,,,,,,,,,,,,,,,,
3305554,33045712,rural,municipal,,,,,,,,,,,,,,,,,,,,,,
3305554,33045720,rural,municipal,,,,,,,,,,,,,,,,,,,,,,
3305554,33045739,rural,municipal,,,,,,,,,,,,,,,,,,,,,,
3305554,33045755,rural,municipal,,,,,,,,,,,,,,,,,,,,,,
3305554,33045763,rural,municipal,,,,,,,,,,,,,,,,,,,,,,
3305554,33120188,rural,municipal,,,,,,,,,,,,,,,,,,,,,,
3305554,33120196,rural,municipal,,,,,,,,,,,,,,,,,,,,,,
3305554,33126763,rural,municipal,,,,,,,,,,,,,,,,,,,,,,
3305554,33126771,rural,municipal,,,,,,,,,,,,,,,,,,,,,,
3305554,33131147,rural,municipal,,,,,,,,,,,,,,,,,,,,,,
3305554,33131155,rural,municipal,,,,,,,,,,,,,,,,,,,,,,
3305554,33131198,rural,municipal,,,,,,,,,,,,,,,,,,,,,,
3305554,33139202,rural,municipal,,,,,,,,,,,,,,,,,,,,,,
3305554,33139229,rural,municipal,,,,,,,,,,,,,,,,,,,,,,
3305554,33141967,rural,municipal,,,,,,,,,,,,,,,,,,,,,,
3305554,33141975,rural,municipal,,,,,,,,,,,,,,,,,,,,,,
3305554,33141991,rural,municipal,,,,,,,,,,,,,,,,,,,,,,
3305554,33142009,rural,municipal,,,,,,,,,,,,,,,,,,,,,,
3305554,33145687,rural,municipal,,,,,,,,,,,,,,,,,,,,,,
3305554,33145695,rural,municipal,,,,,,,,,,,,,,,,,,,,,,
3305554,33149569,rural,municipal,,,,,,,,,,,,,,,,,,,,,,
3305554,33154465,rural,municipal,,,,,,,,,,,,,,,,,,,,,,
3305554,33177236,rural,municipal,,,,,,,,,,,,,,,,,,,,,,
3305554,33045500,rural,privada,13.5,12.0,,15.0,,50.0,4.5,4.5,,4.6,,3.7,0.0,,6.7,,0.0,0.0,,0.0,,92.9
3305554,33112657,rural,privada,23.7,36.0,24.0,11.0,,81.1,5.7,5.3,6.2,6.2,,5.6,5.6,8.3,0.0,,0.0,0.0,0.0,0.0,,92.9
3305554,33120161,rural,privada,,,,,,,,,,,,,,,,,,,,,,
3305554,33149615,rural,privada,29.0,43.0,22.0,22.0,,70.2,5.0,5.0,5.0,5.0,,9.2,9.3,9.1,9.1,,0.0,0.0,0.0,0.0,,100.0
3305554,33045437,urbana,estadual,23.9,24.0,22.2,25.4,,64.8,5.1,5.2,5.1,5.1,,38.3,50.8,35.1,29.1,,11.0,12.9,14.7,5.8,,100.0
3305554,33045445,urbana,estadual,28.3,29.2,28.1,27.3,,79.3,5.2,5.2,5.2,5.2,,37.0,47.3,31.6,30.5,,10.6,13.4,6.8,11.2,,100.0
3305554,33045496,urbana,estadual,23.7,26.5,23.1,21.5,,74.6,7.7,7.8,7.4,8.1,,30.7,30.2,29.6,32.6,,3.8,3.8,5.5,1.7,,100.0
3305554,33045518,urbana,federal,27.8,27.8,28.8,26.8,,72.0,7.7,7.7,7.6,7.8,,15.3,15.1,12.5,18.7,,3.1,5.9,3.5,0.0,,100.0
3305554,33045410,urbana,municipal,,,,,,,,,,,,,,,,,,,,,,
3305554,33045615,urbana,municipal,,,,,,,,,,,,,,,,,,,,,,
3305554,33045666,urbana,municipal,,,,,,,,,,,,,,,,,,,,,,
3305554,33045674,urbana,municipal,,,,,,,,,,,,,,,,,,,,,,
3305554,33120218,urbana,municipal,,,,,,,,,,,,,,,,,,,,,,
3305554,33131139,urbana,municipal,,,,,,,,,,,,,,,,,,,,,,
3305554,33139180,urbana,municipal,,,,,,,,,,,,,,,,,,,,,,
3305554,33142017,urbana,municipal,,,,,,,,,,,,,,,,,,,,,,
3305554,33145610,urbana,municipal,,,,,,,,,,,,,,,,,,,,,,
3305554,33145679,urbana,municipal,,,,,,,,,,,,,,,,,,,,,,
3305554,33177902,urbana,municipal,,,,,,,,,,,,,,,,,,,,,,
3305554,33524211,urbana,municipal,,,,,,,,,,,,,,,,,,,,,,
3305554,33103500,urbana,privada,,,,,,,,,,,,,,,,,,,,,,
3305554,33103666,urbana,privada,13.0,17.0,14.0,8.0,,53.5,5.2,5.2,5.2,5.2,,2.6,0.0,0.0,12.5,,2.5,0.0,0.0,12.5,,85.7
3305554,33130078,urbana,privada,,,,,,,,,,,,,,,,,,,,,,
3305554,33164347,urbana,privada,,,,,,,,,,,,,,,,,,,,,,
3305554,33170371,urbana,privada,25.3,27.0,17.0,32.0,,60.0,6.0,6.0,6.0,6.0,,3.9,3.7,5.9,3.1,,0.0,0.0,0.0,0.0,,100.0
3305554,33172846,urbana,privada,,,,,,,,,,,,,,,,,,,,,,
3305554,33541213,urbana,privada,,,,,,,,,,,,,,,,,,,,,,
3305554,33045470,rural,estadual,30.5,34.3,29.0,30.0,,44.4,6.4,9.8,5.3,5.3,,18.3,14.6,23.0,15.3,,0.0,0.0,0.0,0.0,,100.0
3305554,33045542,rural,estadual,20.3,23.0,20.5,17.5,,63.6,5.1,5.1,5.1,5.0,,36.9,37.0,41.5,31.4,,8.1,4.5,11.9,8.1,,100.0
3305554,33045550,rural,estadual,17.4,14.5,31.0,13.5,,80.4,5.3,5.3,5.3,5.3,,40.2,51.7,38.7,29.6,,3.6,7.2,0.0,3.9,,100.0
3305554,33045569,rural,estadual,36.5,42.0,37.5,30.0,,77.6,4.9,4.9,4.9,4.9,,59.8,65.5,62.7,48.3,,0.4,1.4,0.0,0.0,,100.0
3305554,33045577,rural,estadual,23.9,28.7,24.0,19.0,,77.1,5.3,5.3,5.3,5.3,,29.8,33.7,30.6,22.8,,0.0,0.0,0.0,0.0,,100.0
3305554,33166382,rural,estadual,32.0,30.0,34.0,32.0,,61.3,4.8,4.8,4.8,4.8,,74.0,66.7,76.5,78.1,,8.8,9.6,7.9,9.1,,100.0
3305554,33045186,rural,municipal,,,,,,,,,,,,,,,,,,,,,,
3305554,33045194,rural,municipal,,,,,,,,,,,,,,,,,,,,,,
3305554,33045593,rural,municipal,,,,,,,,,,,,,,,,,,,,,,
3305554,33045607,rural,municipal,,,,,,,,,,,,,,,,,,,,,,
3305554,33045623,rural,municipal,,,,,,,,,,,,,,,,,,,,,,
3305554,33045631,rural,municipal,,,,,,,,,,,,,,,,,,,,,,
3305554,33045640,rural,municipal,,,,,,,,,,,,,,,,,,,,,,
3305554,33045658,rural,municipal,,,,,,,,,,,,,,,,,,,,,,
3305554,33045682,rural,municipal,,,,,,,,,,,,,,,,,,,,,,
3305554,33045704,rural,municipal,,,,,,,,,,,,,,,,,,,,,,
3305554,33045712,rural,municipal,,,,,,,,,,,,,,,,,,,,,,
3305554,33045720,rural,municipal,,,,,,,,,,,,,,,,,,,,,,
3305554,33045755,rural,municipal,,,,,,,,,,,,,,,,,,,,,,
3305554,33045763,rural,municipal,,,,,,,,,,,,,,,,,,,,,,
3305554,33120188,rural,municipal,,,,,,,,,,,,,,,,,,,,,,
3305554,33120196,rural,municipal,,,,,,,,,,,,,,,,,,,,,,
3305554,33126763,rural,municipal,,,,,,,,,,,,,,,,,,,,,,
3305554,33126771,rural,municipal,,,,,,,,,,,,,,,,,,,,,,
3305554,33131147,rural,municipal,,,,,,,,,,,,,,,,,,,,,,
3305554,33131155,rural,municipal,,,,,,,,,,,,,,,,,,,,,,
3305554,33131198,rural,municipal,,,,,,,,,,,,,,,,,,,,,,
3305554,33139202,rural,municipal,,,,,,,,,,,,,,,,,,,,,,
3305554,33139229,rural,municipal,,,,,,,,,,,,,,,,,,,,,,
3305554,33141967,rural,municipal,,,,,,,,,,,,,,,,,,,,,,
3305554,33141975,rural,municipal,,,,,,,,,,,,,,,,,,,,,,
3305554,33141991,rural,municipal,,,,,,,,,,,,,,,,,,,,,,
3305554,33142009,rural,municipal,,,,,,,,,,,,,,,,,,,,,,
3305554,33145687,rural,municipal,,,,,,,,,,,,,,,,,,,,,,
3305554,33145695,rural,municipal,,,,,,,,,,,,,,,,,,,,,,
3305554,33149569,rural,municipal,,,,,,,,,,,,,,,,,,,,,,
3305554,33154465,rural,municipal,,,,,,,,,,,,,,,,,,,,,,
3305554,33177236,rural,municipal,,,,,,,,,,,,,,,,,,,,,,
3305554,33045500,rural,privada,8.7,8.0,12.0,6.0,,20.0,5.1,4.5,5.3,5.3,,15.4,12.5,25.0,0.0,,0.0,,0.0,0.0,,69.2
3305554,33112657,rural,privada,27.3,32.0,21.0,29.0,,73.0,6.2,6.2,6.2,6.2,,2.4,0.0,4.8,3.4,,0.0,0.0,0.0,0.0,,92.9
3305554,33120161,rural,privada,,,,,,,,,,,,,,,,,,,,,,
3305554,33149615,rural,privada,30.7,29.0,28.0,35.0,,67.6,5.0,5.0,5.0,5.0,,7.6,3.4,17.9,2.9,,0.0,0.0,0.0,0.0,,100.0
3305554,33045437,urbana,estadual,31.8,35.0,31.8,28.5,,70.2,5.0,5.1,5.0,5.0,,52.8,63.6,54.3,37.7,,6.5,7.3,5.8,6.4,,100.0
3305554,33045445,urbana,estadual,33.4,36.4,31.7,30.2,,81.9,5.2,5.2,5.2,5.1,,39.4,45.1,35.6,32.5,,5.0,4.5,4.3,6.8,,100.0
3305554,33045496,urbana,estadual,30.9,31.6,32.6,27.8,,71.2,8.1,7.8,8.2,8.3,,39.4,38.0,42.3,36.9,,1.5,2.1,1.3,1.0,,100.0
3305554,33045518,urbana,federal,26.5,30.2,25.4,24.0,,90.9,7.6,7.7,7.3,7.8,,12.8,14.6,11.8,11.7,,1.5,2.6,0.8,0.9,,100.0
3305554,33045410,urbana,municipal,,,,,,,,,,,,,,,,,,,,,,
3305554,33045615,urbana,municipal,,,,,,,,,,,,,,,,,,,,,,
3305554,33045666,urbana,municipal,,,,,,,,,,,,,,,,,,,,,,
3305554,33045674,urbana,municipal,,,,,,,,,,,,,,,,,,,,,,
3305554,33120218,urbana,municipal,,,,,,,,,,,,,,,,,,,,,,
3305554,33131139,urbana,municipal,,,,,,,,,,,,,,,,,,,,,,
3305554,33139180,urbana,municipal,,,,,,,,,,,,,,,,,,,,,,
3305554,33142017,urbana,municipal,,,,,,,,,,,,,,,,,,,,,,
3305554,33145610,urbana,municipal,,,,,,,,,,,,,,,,,,,,,,
3305554,33145679,urbana,municipal,,,,,,,,,,,,,,,,,,,,,,
3305554,33177902,urbana,municipal,,,,,,,,,,,,,,,,,,,,,,
3305554,33524211,urbana,municipal,,,,,,,,,,,,,,,,,,,,,,
3305554,33103500,urbana,privada,,,,,,,,,,,,,,,,,,,,,,
3305554,33103666,urbana,privada,20.3,14.0,26.0,21.0,,57.1,5.2,5.2,5.2,5.2,,6.6,0.0,15.4,0.0,,1.7,0.0,4.0,0.0,,91.7
3305554,33130078,urbana,privada,,,,,,,,,,,,,,,,,,,,,,
3305554,33164347,urbana,privada,,,,,,,,,,,,,,,,,,,,,,
3305554,33170371,urbana,privada,17.3,19.0,13.0,20.0,,65.1,6.0,6.0,6.0,6.0,,3.8,5.3,0.0,5.0,,0.0,0.0,0.0,0.0,,88.2
3305554,33180393,urbana,privada,,,,,,,,,,,,,,,,,,,,,,
3305554,33045445,rural,estadual,32.1,35.7,33.4,25.2,,,5.0,5.1,5.0,4.9,,40.9,46.4,35.5,37.7,,6.4,5.0,6.8,8.8,,94.6
3305554,33045470,rural,estadual,38.9,42.0,39.4,40.3,,,4.9,5.1,4.9,4.9,,54.5,53.3,53.8,57.9,,0.4,0.0,1.4,0.0,,100.0
3305554,33045542,rural,estadual,23.0,26.5,19.5,23.0,,,4.8,4.9,4.8,4.3,,51.3,58.5,53.8,30.4,,13.9,18.4,7.9,14.3,,100.0
3305554,33045550,rural,estadual,23.3,32.0,19.0,19.0,,,5.3,5.3,5.3,5.3,,38.6,40.6,26.3,47.4,,0.0,0.0,0.0,0.0,,100.0
3305554,33045569,rural,estadual,23.0,28.0,24.5,14.0,,,4.7,4.7,4.6,4.7,,78.3,77.4,83.7,71.4,,42.8,46.1,55.1,10.7,,96.2
3305554,33045186,rural,municipal,,,,,,,,,,,,,,,,,,,,,,
3305554,33045194,rural,municipal,,,,,,,,,,,,,,,,,,,,,,
3305554,33045593,rural,municipal,,,,,,,,,,,,,,,,,,,,,,
3305554,33045607,rural,municipal,,,,,,,,,,,,,,,,,,,,,,
3305554,33045623,rural,municipal,,,,,,,,,,,,,,,,,,,,,,
3305554,33045631,rural,municipal,,,,,,,,,,,,,,,,,,,,,,
3305554,33045640,rural,municipal,,,,,,,,,,,,,,,,,,,,,,
3305554,33045658,rural,municipal,,,,,,,,,,,,,,,,,,,,,,
3305554,33045682,rural,municipal,,,,,,,,,,,,,,,,,,,,,,
3305554,33045704,rural,municipal,,,,,,,,,,,,,,,,,,,,,,
3305554,33045712,rural,municipal,,,,,,,,,,,,,,,,,,,,,,
3305554,33045720,rural,municipal,,,,,,,,,,,,,,,,,,,,,,
3305554,33045739,rural,municipal,,,,,,,,,,,,,,,,,,,,,,
3305554,33045755,rural,municipal,,,,,,,,,,,,,,,,,,,,,,
3305554,33045763,rural,municipal,,,,,,,,,,,,,,,,,,,,,,
3305554,33120188,rural,municipal,,,,,,,,,,,,,,,,,,,,,,
3305554,33120196,rural,municipal,,,,,,,,,,,,,,,,,,,,,,
3305554,33120200,rural,municipal,,,,,,,,,,,,,,,,,,,,,,
3305554,33126763,rural,municipal,,,,,,,,,,,,,,,,,,,,,,
3305554,33126771,rural,municipal,,,,,,,,,,,,,,,,,,,,,,
3305554,33131147,rural,municipal,,,,,,,,,,,,,,,,,,,,,,
3305554,33131155,rural,municipal,,,,,,,,,,,,,,,,,,,,,,
3305554,33131198,rural,municipal,,,,,,,,,,,,,,,,,,,,,,
3305554,33139202,rural,municipal,,,,,,,,,,,,,,,,,,,,,,
3305554,33139229,rural,municipal,,,,,,,,,,,,,,,,,,,,,,
3305554,33141967,rural,municipal,,,,,,,,,,,,,,,,,,,,,,
3305554,33141975,rural,municipal,,,,,,,,,,,,,,,,,,,,,,
3305554,33141991,rural,municipal,,,,,,,,,,,,,,,,,,,,,,
3305554,33142009,rural,municipal,,,,,,,,,,,,,,,,,,,,,,
3305554,33145687,rural,municipal,,,,,,,,,,,,,,,,,,,,,,
3305554,33145695,rural,municipal,,,,,,,,,,,,,,,,,,,,,,
3305554,33149569,rural,municipal,,,,,,,,,,,,,,,,,,,,,,
3305554,33154465,rural,municipal,,,,,,,,,,,,,,,,,,,,,,
3305554,33045500,rural,privada,24.0,19.0,26.0,27.0,,,4.5,4.5,4.5,4.6,,11.1,15.8,7.7,11.1,,1.5,0.0,4.5,0.0,,94.4
3305554,33112657,rural,privada,,,,,,,,,,,,,,,,,,,,,,
3305554,33120161,rural,privada,,,,,,,,,,,,,,,,,,,,,,
3305554,33149615,rural,privada,28.0,31.0,18.0,35.0,,,4.7,5.0,5.0,4.2,,10.7,16.1,11.1,5.7,,0.0,0.0,0.0,0.0,,92.9
3305554,33219800,rural,privada,,,,,,,,,,,,,,,,,,,,,,
3305554,33045437,urbana,estadual,27.6,30.7,30.5,20.3,,,4.9,5.0,5.0,4.8,,55.5,61.9,49.2,48.1,,22.0,31.3,12.9,10.1,,98.1
3305554,33045496,urbana,estadual,28.4,31.4,27.0,26.7,30.0,,6.7,7.7,7.8,5.3,5.3,37.5,39.2,28.6,38.1,50.0,6.1,10.0,5.7,2.6,1.1,97.1
3305554,33045577,urbana,estadual,28.5,31.3,31.0,22.3,,,5.3,5.3,5.3,5.3,,34.4,39.2,40.9,16.4,,7.3,11.0,4.7,4.7,,100.0
3305554,33045518,urbana,federal,31.8,35.0,30.8,28.8,,,7.3,7.5,7.0,7.2,,10.4,11.4,9.8,9.6,,2.0,4.0,0.9,0.0,,100.0
3305554,33045410,urbana,municipal,,,,,,,,,,,,,,,,,,,,,,
3305554,33045615,urbana,municipal,,,,,,,,,,,,,,,,,,,,,,
3305554,33045666,urbana,municipal,,,,,,,,,,,,,,,,,,,,,,
3305554,33045674,urbana,municipal,,,,,,,,,,,,,,,,,,,,,,
3305554,33120218,urbana,municipal,,,,,,,,,,,,,,,,,,,,,,
3305554,33131139,urbana,municipal,,,,,,,,,,,,,,,,,,,,,,
3305554,33139180,urbana,municipal,,,,,,,,,,,,,,,,,,,,,,
3305554,33142017,urbana,municipal,,,,,,,,,,,,,,,,,,,,,,
3305554,33145610,urbana,municipal,,,,,,,,,,,,,,,,,,,,,,
3305554,33145679,urbana,municipal,,,,,,,,,,,,,,,,,,,,,,
3305554,33524211,urbana,municipal,,,,,,,,,,,,,,,,,,,,,,
3305554,33045429,urbana,privada,17.3,34.0,8.0,10.0,,,6.2,6.2,6.2,6.2,,9.6,11.8,12.5,,,0.0,0.0,0.0,0.0,,100.0
3305554,33103500,urbana,privada,,,,,,,,,,,,,,,,,,,,,,
3305554,33103666,urbana,privada,17.7,15.0,16.0,22.0,,,5.2,5.2,5.2,5.2,,9.4,13.3,6.3,9.1,,2.0,0.0,0.0,4.7,,91.7
3305554,33130078,urbana,privada,,,,,,,,,,,,,,,,,,,,,,
3305554,33541213,urbana,privada,,,,,,,,,,,,,,,,,,,,,,
3305554,33045445,rural,estadual,35.6,34.7,35.4,37.6,,,,,,,,46.5,49.0,44.0,45.7,,11.4,12.4,12.2,8.6,,
3305554,33045470,rural,estadual,46.0,57.2,43.8,37.3,,,,,,,,64.2,70.6,65.8,49.7,,29.6,37.7,35.4,14.0,,
3305554,33045496,rural,estadual,34.6,31.9,40.4,30.4,40.7,,,,,,,46.4,43.6,52.9,39.1,53.3,1.9,4.1,0.9,0.0,2.5,
3305554,33045542,rural,estadual,24.7,41.0,15.0,18.0,,,,,,,,36.5,36.6,46.7,27.8,,8.7,10.2,9.1,5.2,,
3305554,33045550,rural,estadual,23.7,34.0,21.0,16.0,,,,,,,,53.5,61.8,47.6,43.8,,1.9,0.0,0.0,7.7,,
3305554,33045569,rural,estadual,35.2,39.3,28.0,37.0,,,,,,,,92.9,94.9,89.3,91.9,,59.8,68.7,56.3,36.1,,
3305554,33045186,rural,municipal,,,,,,,,,,,,,,,,,,,,,,
3305554,33045194,rural,municipal,,,,,,,,,,,,,,,,,,,,,,
3305554,33045593,rural,municipal,,,,,,,,,,,,,,,,,,,,,,
3305554,33045607,rural,municipal,,,,,,,,,,,,,,,,,,,,,,
3305554,33045623,rural,municipal,,,,,,,,,,,,,,,,,,,,,,
3305554,33045631,rural,municipal,,,,,,,,,,,,,,,,,,,,,,
3305554,33045640,rural,municipal,,,,,,,,,,,,,,,,,,,,,,
3305554,33045658,rural,municipal,,,,,,,,,,,,,,,,,,,,,,
3305554,33045682,rural,municipal,,,,,,,,,,,,,,,,,,,,,,
3305554,33045690,rural,municipal,,,,,,,,,,,,,,,,,,,,,,
3305554,33045704,rural,municipal,,,,,,,,,,,,,,,,,,,,,,
3305554,33045712,rural,municipal,,,,,,,,,,,,,,,,,,,,,,
3305554,33045720,rural,municipal,,,,,,,,,,,,,,,,,,,,,,
3305554,33045739,rural,municipal,,,,,,,,,,,,,,,,,,,,,,
3305554,33045747,rural,municipal,,,,,,,,,,,,,,,,,,,,,,
3305554,33045755,rural,municipal,,,,,,,,,,,,,,,,,,,,,,
3305554,33045763,rural,municipal,,,,,,,,,,,,,,,,,,,,,,
3305554,33120188,rural,municipal,,,,,,,,,,,,,,,,,,,,,,
3305554,33120196,rural,municipal,,,,,,,,,,,,,,,,,,,,,,
3305554,33120200,rural,municipal,,,,,,,,,,,,,,,,,,,,,,
3305554,33126763,rural,municipal,,,,,,,,,,,,,,,,,,,,,,
3305554,33126771,rural,municipal,,,,,,,,,,,,,,,,,,,,,,
3305554,33131147,rural,municipal,,,,,,,,,,,,,,,,,,,,,,
3305554,33131155,rural,municipal,,,,,,,,,,,,,,,,,,,,,,
3305554,33131198,rural,municipal,,,,,,,,,,,,,,,,,,,,,,
3305554,33139202,rural,municipal,,,,,,,,,,,,,,,,,,,,,,
3305554,33139229,rural,municipal,,,,,,,,,,,,,,,,,,,,,,
3305554,33141967,rural,municipal,,,,,,,,,,,,,,,,,,,,,,
3305554,33141975,rural,municipal,,,,,,,,,,,,,,,,,,,,,,
3305554,33141991,rural,municipal,,,,,,,,,,,,,,,,,,,,,,
3305554,33142009,rural,municipal,,,,,,,,,,,,,,,,,,,,,,
3305554,33145687,rural,municipal,,,,,,,,,,,,,,,,,,,,,,
3305554,33145695,rural,municipal,,,,,,,,,,,,,,,,,,,,,,
3305554,33149569,rural,municipal,,,,,,,,,,,,,,,,,,,,,,
3305554,33154465,rural,municipal,,,,,,,,,,,,,,,,,,,,,,
3305554,33045500,rural,privada,27.7,29.0,27.0,27.0,,,,,,,,10.8,13.8,7.4,11.1,,0.0,0.0,0.0,0.0,,
3305554,33112657,rural,privada,,,,,,,,,,,,,,,,,,,,,,
3305554,33120161,rural,privada,,,,,,,,,,,,,,,,,,,,,,
3305554,33149615,rural,privada,22.0,17.5,35.0,18.0,,,,,,,,5.7,5.7,5.7,5.6,,0.0,0.0,0.0,0.0,,
3305554,33219800,rural,privada,,,,,,,,,,,,,,,,,,,,,,
3305554,33045437,urbana,estadual,35.0,43.2,29.2,30.0,,,,,,,,71.8,73.7,70.5,69.2,,33.9,40.2,30.3,25.2,,
3305554,33045577,urbana,estadual,30.5,30.2,27.0,35.7,,,,,,,,44.2,38.1,45.4,53.3,,18.5,13.4,21.6,23.8,,
3305554,33045518,urbana,federal,30.3,32.8,29.8,28.3,,,,,,,,9.4,9.9,12.6,5.3,,0.3,0.8,0.0,0.0,,
3305554,33045410,urbana,municipal,,,,,,,,,,,,,,,,,,,,,,
3305554,33045615,urbana,municipal,,,,,,,,,,,,,,,,,,,,,,
3305554,33045666,urbana,municipal,,,,,,,,,,,,,,,,,,,,,,
3305554,33045674,urbana,municipal,,,,,,,,,,,,,,,,,,,,,,
3305554,33120218,urbana,municipal,,,,,,,,,,,,,,,,,,,,,,
3305554,33131139,urbana,municipal,,,,,,,,,,,,,,,,,,,,,,
3305554,33139180,urbana,municipal,,,,,,,,,,,,,,,,,,,,,,
3305554,33142017,urbana,municipal,,,,,,,,,,,,,,,,,,,,,,
3305554,33145610,urbana,municipal,,,,,,,,,,,,,,,,,,,,,,
3305554,33145679,urbana,municipal,,,,,,,,,,,,,,,,,,,,,,
3305554,33045429,urbana,privada,9.3,13.0,10.0,5.0,,,,,,,,14.3,23.1,10.0,,,0.0,0.0,0.0,0.0,,
3305554,33103500,urbana,privada,,,,,,,,,,,,,,,,,,,,,,
3305554,33103666,urbana,privada,21.3,27.0,14.0,23.0,,,,,,,,10.9,14.8,7.1,8.7,,0.0,0.0,0.0,0.0,,
3305554,33130078,urbana,privada,,,,,,,,,,,,,,,,,,,,,,
3305554,33131376,urbana,privada,,,,,,,,,,,,,,,,,,,,,,
3305554,33045445,rural,estadual,33.4,33.4,33.2,33.8,,74.6,5.2,5.3,5.2,5.1,,30.0,33.5,31.6,23.7,,1.1,1.5,0.9,0.8,,100.0
3305554,33045470,rural,estadual,38.7,39.6,39.3,36.8,,46.3,5.2,5.3,5.2,5.2,,36.1,40.4,38.5,26.1,,0.0,0.0,0.0,0.0,,100.0
3305554,33045542,rural,estadual,15.2,17.3,13.7,14.7,,69.6,5.2,5.2,5.2,5.1,,35.8,50.0,24.4,29.5,,2.9,2.0,4.8,2.3,,96.0
3305554,33045550,rural,estadual,20.4,22.3,20.0,18.0,,67.1,5.3,5.3,5.3,5.3,,30.1,34.3,30.0,22.2,,2.2,3.0,0.0,2.9,,100.0
3305554,33045569,rural,estadual,29.6,27.0,30.3,32.5,,73.6,5.0,5.0,5.0,4.9,,43.9,42.0,45.1,44.6,,9.4,6.9,13.8,7.3,,96.4
3305554,33045577,rural,estadual,23.3,20.2,26.3,24.7,,67.4,5.2,5.2,5.1,5.3,,34.6,41.6,34.3,25.7,,0.3,1.0,0.0,0.0,,100.0
3305554,33166382,rural,estadual,19.0,15.0,27.0,,,61.5,4.9,5.0,4.8,,,77.2,76.7,77.8,,,6.6,6.2,7.2,,,85.7
3305554,33045186,rural,municipal,,,,,,,,,,,,,,,,,,,,,,
3305554,33045194,rural,municipal,,,,,,,,,,,,,,,,,,,,,,
3305554,33045593,rural,municipal,,,,,,,,,,,,,,,,,,,,,,
3305554,33045607,rural,municipal,,,,,,,,,,,,,,,,,,,,,,
3305554,33045623,rural,municipal,,,,,,,,,,,,,,,,,,,,,,
3305554,33045631,rural,municipal,,,,,,,,,,,,,,,,,,,,,,
3305554,33045640,rural,municipal,,,,,,,,,,,,,,,,,,,,,,
3305554,33045658,rural,municipal,,,,,,,,,,,,,,,,,,,,,,
3305554,33045682,rural,municipal,,,,,,,,,,,,,,,,,,,,,,
3305554,33045704,rural,municipal,,,,,,,,,,,,,,,,,,,,,,
3305554,33045712,rural,municipal,,,,,,,,,,,,,,,,,,,,,,
3305554,33045720,rural,municipal,,,,,,,,,,,,,,,,,,,,,,
3305554,33045739,rural,municipal,,,,,,,,,,,,,,,,,,,,,,
3305554,33045755,rural,municipal,,,,,,,,,,,,,,,,,,,,,,
3305554,33045763,rural,municipal,,,,,,,,,,,,,,,,,,,,,,
3305554,33120188,rural,municipal,,,,,,,,,,,,,,,,,,,,,,
3305554,33120196,rural,municipal,,,,,,,,,,,,,,,,,,,,,,
3305554,33126763,rural,municipal,,,,,,,,,,,,,,,,,,,,,,
3305554,33126771,rural,municipal,,,,,,,,,,,,,,,,,,,,,,
3305554,33131147,rural,municipal,,,,,,,,,,,,,,,,,,,,,,
3305554,33131155,rural,municipal,,,,,,,,,,,,,,,,,,,,,,
3305554,33131198,rural,municipal,,,,,,,,,,,,,,,,,,,,,,
3305554,33139202,rural,municipal,,,,,,,,,,,,,,,,,,,,,,
3305554,33139229,rural,municipal,,,,,,,,,,,,,,,,,,,,,,
3305554,33141967,rural,municipal,,,,,,,,,,,,,,,,,,,,,,
3305554,33141975,rural,municipal,,,,,,,,,,,,,,,,,,,,,,
3305554,33141991,rural,municipal,,,,,,,,,,,,,,,,,,,,,,
3305554,33142009,rural,municipal,,,,,,,,,,,,,,,,,,,,,,
3305554,33145687,rural,municipal,,,,,,,,,,,,,,,,,,,,,,
3305554,33145695,rural,municipal,,,,,,,,,,,,,,,,,,,,,,
3305554,33149569,rural,municipal,,,,,,,,,,,,,,,,,,,,,,
3305554,33154465,rural,municipal,,,,,,,,,,,,,,,,,,,,,,
3305554,33045500,rural,privada,14.3,12.0,13.0,18.0,,75.0,4.5,4.5,4.5,4.6,,9.3,8.3,7.7,11.1,,0.0,0.0,0.0,0.0,,100.0
3305554,33112657,rural,privada,29.0,29.0,,,,53.8,5.3,5.3,,,,3.4,3.4,,,,0.0,0.0,,,,100.0
3305554,33120161,rural,privada,,,,,,,,,,,,,,,,,,,,,,
3305554,33149615,rural,privada,19.7,25.0,15.0,19.0,,36.4,5.0,5.0,5.0,5.0,,11.9,12.0,13.3,10.5,,0.0,0.0,0.0,0.0,,87.5
3305554,33045437,urbana,estadual,27.1,21.0,30.0,34.3,,55.0,5.2,5.2,5.2,5.1,,32.7,36.1,32.7,29.2,,3.7,3.5,3.4,4.4,,94.0
3305554,33045496,urbana,estadual,25.4,26.8,22.4,27.0,,66.8,7.4,7.6,6.6,7.9,,27.0,30.4,24.8,24.7,,1.2,1.0,0.6,1.9,,95.2
3305554,33045518,urbana,federal,29.7,35.4,23.8,30.0,,78.0,7.6,7.7,7.4,7.4,,14.6,20.3,13.4,8.7,,1.6,3.7,0.0,0.7,,100.0
3305554,33045410,urbana,municipal,,,,,,,,,,,,,,,,,,,,,,
3305554,33045615,urbana,municipal,,,,,,,,,,,,,,,,,,,,,,
3305554,33045666,urbana,municipal,,,,,,,,,,,,,,,,,,,,,,
3305554,33045674,urbana,municipal,,,,,,,,,,,,,,,,,,,,,,
3305554,33120218,urbana,municipal,,,,,,,,,,,,,,,,,,,,,,
3305554,33131139,urbana,municipal,,,,,,,,,,,,,,,,,,,,,,
3305554,33139180,urbana,municipal,,,,,,,,,,,,,,,,,,,,,,
3305554,33142017,urbana,municipal,,,,,,,,,,,,,,,,,,,,,,
3305554,33145610,urbana,municipal,,,,,,,,,,,,,,,,,,,,,,
3305554,33145679,urbana,municipal,,,,,,,,,,,,,,,,,,,,,,
3305554,33524211,urbana,municipal,,,,,,,,,,,,,,,,,,,,,,
3305554,33045429,urbana,privada,4.7,4.0,5.0,5.0,,62.5,6.2,6.2,6.2,6.2,,14.3,50.0,,,,15.4,50.0,0.0,0.0,,100.0
3305554,33103500,urbana,privada,,,,,,,,,,,,,,,,,,,,,,
3305554,33103666,urbana,privada,15.0,14.0,10.0,21.0,,63.2,5.2,5.2,5.2,5.2,,8.9,21.4,10.0,,,4.7,0.0,18.2,0.0,,90.9
3305554,33130078,urbana,privada,,,,,,,,,,,,,,,,,,,,,,
3305554,33164347,urbana,privada,,,,,,,,,,,,,,,,,,,,,,
3305554,33170371,urbana,privada,37.3,46.0,40.0,26.0,,44.0,6.2,6.2,6.2,6.2,,,,,,,2.0,5.0,0.0,0.0,,95.0
3305554,33172846,urbana,privada,,,,,,,,,,,,,,,,,,,,,,
3305554,33541213,urbana,privada,,,,,,,,,,,,,,,,,,,,,,
3305554,33045470,rural,estadual,33.6,37.0,31.7,32.8,,35.1,5.3,5.3,5.3,5.2,,27.5,28.6,26.1,27.9,,0.0,0.0,0.0,0.0,,100.0
3305554,33045542,rural,estadual,15.1,19.3,12.3,13.7,,69.6,5.2,5.2,5.2,5.2,,41.2,53.4,51.4,14.6,,6.5,7.0,10.2,2.4,,100.0
3305554,33045550,rural,estadual,16.8,17.0,17.7,15.0,,76.1,5.3,5.3,5.3,5.3,,24.6,31.4,20.8,20.0,,3.8,6.0,2.0,3.3,,100.0
3305554,33045569,rural,estadual,26.6,32.8,21.3,23.7,,80.7,5.0,5.0,5.0,5.0,,42.9,48.9,37.5,36.6,,5.4,8.0,1.7,4.2,,100.0
3305554,33045577,rural,estadual,22.7,26.8,19.6,20.3,,70.2,5.2,5.2,5.2,5.1,,36.5,41.0,39.8,23.5,,3.9,2.6,8.6,1.2,,100.0
3305554,33166382,rural,estadual,22.7,23.0,24.0,21.0,,64.7,4.8,4.8,4.8,4.8,,67.6,65.2,62.5,76.2,,7.4,8.3,8.7,4.7,,88.9
3305554,33045186,rural,municipal,,,,,,,,,,,,,,,,,,,,,,
3305554,33045194,rural,municipal,,,,,,,,,,,,,,,,,,,,,,
3305554,33045593,rural,municipal,,,,,,,,,,,,,,,,,,,,,,
3305554,33045607,rural,municipal,,,,,,,,,,,,,,,,,,,,,,
3305554,33045623,rural,municipal,,,,,,,,,,,,,,,,,,,,,,
3305554,33045631,rural,municipal,,,,,,,,,,,,,,,,,,,,,,
3305554,33045640,rural,municipal,,,,,,,,,,,,,,,,,,,,,,
3305554,33045658,rural,municipal,,,,,,,,,,,,,,,,,,,,,,
3305554,33045682,rural,municipal,,,,,,,,,,,,,,,,,,,,,,
3305554,33045704,rural,municipal,,,,,,,,,,,,,,,,,,,,,,
3305554,33045712,rural,municipal,,,,,,,,,,,,,,,,,,,,,,
3305554,33045720,rural,municipal,,,,,,,,,,,,,,,,,,,,,,
3305554,33045739,rural,municipal,,,,,,,,,,,,,,,,,,,,,,
3305554,33045755,rural,municipal,,,,,,,,,,,,,,,,,,,,,,
3305554,33045763,rural,municipal,,,,,,,,,,,,,,,,,,,,,,
3305554,33120188,rural,municipal,,,,,,,,,,,,,,,,,,,,,,
3305554,33120196,rural,municipal,,,,,,,,,,,,,,,,,,,,,,
3305554,33126763,rural,municipal,,,,,,,,,,,,,,,,,,,,,,
3305554,33126771,rural,municipal,,,,,,,,,,,,,,,,,,,,,,
3305554,33131147,rural,municipal,,,,,,,,,,,,,,,,,,,,,,
3305554,33131155,rural,municipal,,,,,,,,,,,,,,,,,,,,,,
3305554,33131198,rural,municipal,,,,,,,,,,,,,,,,,,,,,,
3305554,33139202,rural,municipal,,,,,,,,,,,,,,,,,,,,,,
3305554,33139229,rural,municipal,,,,,,,,,,,,,,,,,,,,,,
3305554,33141967,rural,municipal,,,,,,,,,,,,,,,,,,,,,,
3305554,33141975,rural,municipal,,,,,,,,,,,,,,,,,,,,,,
3305554,33141991,rural,municipal,,,,,,,,,,,,,,,,,,,,,,
3305554,33142009,rural,municipal,,,,,,,,,,,,,,,,,,,,,,
3305554,33145687,rural,municipal,,,,,,,,,,,,,,,,,,,,,,
3305554,33145695,rural,municipal,,,,,,,,,,,,,,,,,,,,,,
3305554,33149569,rural,municipal,,,,,,,,,,,,,,,,,,,,,,
3305554,33154465,rural,municipal,,,,,,,,,,,,,,,,,,,,,,
3305554,33045500,rural,privada,15.0,14.0,19.0,12.0,,80.8,4.5,4.5,4.5,4.6,,8.9,7.1,10.5,8.3,,0.0,0.0,0.0,0.0,,100.0
3305554,33112657,rural,privada,23.5,27.0,20.0,,,72.0,5.7,5.3,6.2,,,8.5,14.8,0.0,,,0.0,0.0,0.0,,,100.0
3305554,33120161,rural,privada,,,,,,,,,,,,,,,,,,,,,,
3305554,33149615,rural,privada,19.0,24.0,22.0,11.0,,55.6,5.0,5.0,5.0,5.0,,10.5,8.3,9.1,18.2,,0.0,0.0,0.0,0.0,,90.0
3305554,33045437,urbana,estadual,39.3,32.3,33.0,50.3,,77.8,5.3,5.3,5.3,5.3,,29.0,27.8,13.6,36.4,,2.6,5.5,3.1,0.6,,96.0
3305554,33045445,urbana,estadual,30.1,30.2,29.8,30.2,,74.3,5.2,5.2,5.2,5.2,,28.7,32.4,28.7,25.0,,3.4,4.5,4.0,1.6,,100.0
3305554,33045496,urbana,estadual,25.6,23.6,26.3,27.6,,65.2,7.1,6.9,7.6,6.5,,28.0,25.9,35.9,20.3,,0.8,0.0,0.6,2.2,,98.3
3305554,33045518,urbana,federal,29.7,35.0,29.4,24.6,,79.8,7.6,7.6,7.7,7.6,,16.0,15.4,17.7,14.6,,,,,,,100.0
3305554,33045410,urbana,municipal,,,,,,,,,,,,,,,,,,,,,,
3305554,33045615,urbana,municipal,,,,,,,,,,,,,,,,,,,,,,
3305554,33045666,urbana,municipal,,,,,,,,,,,,,,,,,,,,,,
3305554,33045674,urbana,municipal,,,,,,,,,,,,,,,,,,,,,,
3305554,33120218,urbana,municipal,,,,,,,,,,,,,,,,,,,,,,
3305554,33131139,urbana,municipal,,,,,,,,,,,,,,,,,,,,,,
3305554,33139180,urbana,municipal,,,,,,,,,,,,,,,,,,,,,,
3305554,33142017,urbana,municipal,,,,,,,,,,,,,,,,,,,,,,
3305554,33145610,urbana,municipal,,,,,,,,,,,,,,,,,,,,,,
3305554,33145679,urbana,municipal,,,,,,,,,,,,,,,,,,,,,,
3305554,33524211,urbana,municipal,,,,,,,,,,,,,,,,,,,,,,
3305554,33045429,urbana,privada,,,,,,,,,,,,,,,,,,,,,,
3305554,33103500,urbana,privada,,,,,,,,,,,,,,,,,,,,,,
3305554,33103666,urbana,privada,10.0,12.0,11.0,7.0,,67.6,5.2,5.2,5.2,5.2,,10.0,0.0,27.3,0.0,,0.0,0.0,0.0,0.0,,91.7
3305554,33130078,urbana,privada,,,,,,,,,,,,,,,,,,,,,,
3305554,33164347,urbana,privada,,,,,,,,,,,,,,,,,,,,,,
3305554,33170371,urbana,privada,29.0,23.0,31.0,33.0,,43.8,6.2,6.2,6.2,6.2,,6.9,8.7,6.5,6.1,,0.0,0.0,0.0,0.0,,100.0
3305554,33172846,urbana,privada,,,,,,,,,,,,,,,,,,,,,,
3305554,33541213,urbana,privada,,,,,,,,,,,,,,,,,,,,,,
3305554,33045445,rural,estadual,35.4,34.2,35.8,37.0,,69.1,5.2,5.3,5.2,5.1,,31.0,31.6,31.7,28.6,,2.3,2.4,2.6,1.7,,100.0
3305554,33045470,rural,estadual,36.7,39.7,37.4,36.3,,33.3,5.2,5.2,5.2,5.2,,33.9,39.9,25.1,33.8,,0.0,0.0,0.0,0.0,,100.0
3305554,33045542,rural,estadual,19.3,20.5,21.0,16.5,,79.3,5.1,5.2,5.1,5.0,,35.3,31.7,31.0,45.5,,3.5,5.0,2.4,3.0,,100.0
3305554,33045550,rural,estadual,22.6,28.0,20.0,17.0,,76.4,5.3,5.3,5.3,5.3,,36.3,46.4,25.0,29.4,,5.3,8.6,2.7,0.0,,100.0
3305554,33045569,rural,estadual,25.6,32.7,23.3,18.5,,69.9,4.9,4.9,4.9,4.7,,51.2,50.0,45.7,64.9,,5.6,7.5,4.4,2.9,,100.0
3305554,33045577,rural,estadual,26.1,23.6,34.0,22.3,,64.5,5.3,5.2,5.3,5.3,,33.1,38.1,37.3,17.9,,0.4,0.9,0.0,0.0,,100.0
3305554,33166382,rural,estadual,35.0,35.0,,,,75.0,4.8,4.8,,,,74.3,74.3,,,,20.0,20.0,,,,100.0
3305554,33045186,rural,municipal,,,,,,,,,,,,,,,,,,,,,,
3305554,33045194,rural,municipal,,,,,,,,,,,,,,,,,,,,,,
3305554,33045593,rural,municipal,,,,,,,,,,,,,,,,,,,,,,
3305554,33045607,rural,municipal,,,,,,,,,,,,,,,,,,,,,,
3305554,33045623,rural,municipal,,,,,,,,,,,,,,,,,,,,,,
3305554,33045631,rural,municipal,,,,,,,,,,,,,,,,,,,,,,
3305554,33045640,rural,municipal,,,,,,,,,,,,,,,,,,,,,,
3305554,33045658,rural,municipal,,,,,,,,,,,,,,,,,,,,,,
3305554,33045682,rural,municipal,,,,,,,,,,,,,,,,,,,,,,
3305554,33045704,rural,municipal,,,,,,,,,,,,,,,,,,,,,,
3305554,33045712,rural,municipal,,,,,,,,,,,,,,,,,,,,,,
3305554,33045720,rural,municipal,,,,,,,,,,,,,,,,,,,,,,
3305554,33045739,rural,municipal,,,,,,,,,,,,,,,,,,,,,,
3305554,33045755,rural,municipal,,,,,,,,,,,,,,,,,,,,,,
3305554,33045763,rural,municipal,,,,,,,,,,,,,,,,,,,,,,
3305554,33120188,rural,municipal,,,,,,,,,,,,,,,,,,,,,,
3305554,33120196,rural,municipal,,,,,,,,,,,,,,,,,,,,,,
3305554,33126763,rural,municipal,,,,,,,,,,,,,,,,,,,,,,
3305554,33126771,rural,municipal,,,,,,,,,,,,,,,,,,,,,,
3305554,33131147,rural,municipal,,,,,,,,,,,,,,,,,,,,,,
3305554,33131155,rural,municipal,,,,,,,,,,,,,,,,,,,,,,
3305554,33131198,rural,municipal,,,,,,,,,,,,,,,,,,,,,,
3305554,33139202,rural,municipal,,,,,,,,,,,,,,,,,,,,,,
3305554,33139229,rural,municipal,,,,,,,,,,,,,,,,,,,,,,
3305554,33141967,rural,municipal,,,,,,,,,,,,,,,,,,,,,,
3305554,33141975,rural,municipal,,,,,,,,,,,,,,,,,,,,,,
3305554,33141991,rural,municipal,,,,,,,,,,,,,,,,,,,,,,
3305554,33142009,rural,municipal,,,,,,,,,,,,,,,,,,,,,,
3305554,33145687,rural,municipal,,,,,,,,,,,,,,,,,,,,,,
3305554,33145695,rural,municipal,,,,,,,,,,,,,,,,,,,,,,
3305554,33149569,rural,municipal,,,,,,,,,,,,,,,,,,,,,,
3305554,33154465,rural,municipal,,,,,,,,,,,,,,,,,,,,,,
3305554,33045500,rural,privada,17.7,18.0,21.0,14.0,,75.0,4.5,4.5,4.5,4.6,,7.5,5.6,9.5,7.1,,0.0,0.0,0.0,0.0,,100.0
3305554,33112657,rural,privada,,,,,,,,,,,,,,,,,,,,,,
3305554,33120161,rural,privada,,,,,,,,,,,,,,,,,,,,,,
3305554,33149615,rural,privada,19.7,15.0,26.0,18.0,,66.7,4.7,5.0,5.0,4.2,,8.5,20.0,7.7,,,0.0,0.0,0.0,0.0,,100.0
3305554,33219800,rural,privada,,,,,,,,,,,,,,,,,,,,,,
3305554,33045437,urbana,estadual,27.4,29.2,27.0,29.3,,57.7,5.2,5.2,5.2,5.1,,34.7,44.0,31.9,23.9,,6.9,11.0,3.7,5.1,,100.0
3305554,33045496,urbana,estadual,27.0,26.1,27.4,29.8,,61.8,7.5,7.5,7.9,7.3,,30.9,32.5,31.3,28.2,,2.6,5.1,1.1,1.4,,100.0
3305554,33045518,urbana,federal,29.7,31.0,31.4,26.6,,79.2,7.5,7.5,7.4,7.7,,10.8,13.5,9.6,9.0,,0.4,1.3,0.0,0.0,,100.0
3305554,33045410,urbana,municipal,,,,,,,,,,,,,,,,,,,,,,
3305554,33045615,urbana,municipal,,,,,,,,,,,,,,,,,,,,,,
3305554,33045666,urbana,municipal,,,,,,,,,,,,,,,,,,,,,,
3305554,33045674,urbana,municipal,,,,,,,,,,,,,,,,,,,,,,
3305554,33120218,urbana,municipal,,,,,,,,,,,,,,,,,,,,,,
3305554,33131139,urbana,municipal,,,,,,,,,,,,,,,,,,,,,,
3305554,33139180,urbana,municipal,,,,,,,,,,,,,,,,,,,,,,
3305554,33142017,urbana,municipal,,,,,,,,,,,,,,,,,,,,,,
3305554,33145610,urbana,municipal,,,,,,,,,,,,,,,,,,,,,,
3305554,33145679,urbana,municipal,,,,,,,,,,,,,,,,,,,,,,
3305554,33524211,urbana,municipal,,,,,,,,,,,,,,,,,,,,,,
3305554,33045429,urbana,privada,35.3,37.0,31.0,38.0,,50.0,6.2,6.2,6.2,6.2,,7.5,10.8,9.7,2.6,,0.0,0.0,0.0,0.0,,100.0
3305554,33103500,urbana,privada,,,,,,,,,,,,,,,,,,,,,,
3305554,33103666,urbana,privada,20.0,18.0,30.0,12.0,,68.6,5.2,5.2,5.2,5.2,,5.0,11.1,3.3,,,0.0,0.0,0.0,0.0,,100.0
3305554,33130078,urbana,privada,,,,,,,,,,,,,,,,,,,,,,
3305554,33164347,urbana,privada,,,,,,,,,,,,,,,,,,,,,,
3305554,33541213,urbana,privada,,,,,,,,,,,,,,,,,,,,,,
3305554,33045470,rural,estadual,30.9,35.0,28.2,28.8,,51.1,5.3,5.3,5.3,5.3,,23.6,29.5,21.3,17.4,,0.0,0.0,0.0,0.0,,100.0
3305554,33045542,rural,estadual,21.3,26.0,17.0,21.0,,63.2,5.1,5.2,5.2,5.0,,38.3,46.2,23.5,40.5,,6.5,10.0,3.0,4.8,,100.0
3305554,33045550,rural,estadual,16.8,15.0,19.5,16.0,,79.4,5.3,5.3,5.3,5.3,,28.7,33.3,33.3,18.8,,4.8,9.4,5.3,0.0,,100.0
3305554,33045569,rural,estadual,29.6,27.0,27.7,36.5,,84.0,4.8,4.8,4.9,4.8,,54.9,63.0,54.2,46.6,,0.0,0.0,0.0,0.0,,100.0
3305554,33045577,rural,estadual,22.9,25.3,21.3,22.0,,75.6,5.3,5.3,5.3,5.3,,35.7,48.5,29.4,24.2,,0.0,0.0,0.0,0.0,,100.0
3305554,33166382,rural,estadual,26.0,30.0,26.0,22.0,,75.0,4.8,4.8,4.8,4.8,,73.1,76.7,80.8,59.1,,2.6,0.0,3.9,4.5,,100.0
3305554,33045186,rural,municipal,,,,,,,,,,,,,,,,,,,,,,
3305554,33045194,rural,municipal,,,,,,,,,,,,,,,,,,,,,,
3305554,33045593,rural,municipal,,,,,,,,,,,,,,,,,,,,,,
3305554,33045607,rural,municipal,,,,,,,,,,,,,,,,,,,,,,
3305554,33045623,rural,municipal,,,,,,,,,,,,,,,,,,,,,,
3305554,33045631,rural,municipal,,,,,,,,,,,,,,,,,,,,,,
3305554,33045640,rural,municipal,,,,,,,,,,,,,,,,,,,,,,
3305554,33045658,rural,municipal,,,,,,,,,,,,,,,,,,,,,,
3305554,33045682,rural,municipal,,,,,,,,,,,,,,,,,,,,,,
3305554,33045704,rural,municipal,,,,,,,,,,,,,,,,,,,,,,
3305554,33045712,rural,municipal,,,,,,,,,,,,,,,,,,,,,,
3305554,33045720,rural,municipal,,,,,,,,,,,,,,,,,,,,,,
3305554,33045739,rural,municipal,,,,,,,,,,,,,,,,,,,,,,
3305554,33045755,rural,municipal,,,,,,,,,,,,,,,,,,,,,,
3305554,33045763,rural,municipal,,,,,,,,,,,,,,,,,,,,,,
3305554,33120188,rural,municipal,,,,,,,,,,,,,,,,,,,,,,
3305554,33120196,rural,municipal,,,,,,,,,,,,,,,,,,,,,,
3305554,33126763,rural,municipal,,,,,,,,,,,,,,,,,,,,,,
3305554,33126771,rural,municipal,,,,,,,,,,,,,,,,,,,,,,
3305554,33131147,rural,municipal,,,,,,,,,,,,,,,,,,,,,,
3305554,33131155,rural,municipal,,,,,,,,,,,,,,,,,,,,,,
3305554,33131198,rural,municipal,,,,,,,,,,,,,,,,,,,,,,
3305554,33139202,rural,municipal,,,,,,,,,,,,,,,,,,,,,,
3305554,33139229,rural,municipal,,,,,,,,,,,,,,,,,,,,,,
3305554,33141967,rural,municipal,,,,,,,,,,,,,,,,,,,,,,
3305554,33141975,rural,municipal,,,,,,,,,,,,,,,,,,,,,,
3305554,33141991,rural,municipal,,,,,,,,,,,,,,,,,,,,,,
3305554,33142009,rural,municipal,,,,,,,,,,,,,,,,,,,,,,
3305554,33145687,rural,municipal,,,,,,,,,,,,,,,,,,,,,,
3305554,33145695,rural,municipal,,,,,,,,,,,,,,,,,,,,,,
3305554,33149569,rural,municipal,,,,,,,,,,,,,,,,,,,,,,
3305554,33154465,rural,municipal,,,,,,,,,,,,,,,,,,,,,,
3305554,33177236,rural,municipal,,,,,,,,,,,,,,,,,,,,,,
3305554,33045500,rural,privada,12.0,12.0,12.0,,,53.8,4.9,4.5,5.3,,,12.5,25.0,0.0,,,4.2,8.3,0.0,,,90.0
3305554,33112657,rural,privada,24.7,25.0,31.0,18.0,,81.1,6.2,6.2,6.2,6.2,,2.7,0.0,3.2,5.6,,0.0,0.0,0.0,0.0,,92.9
3305554,33120161,rural,privada,,,,,,,,,,,,,,,,,,,,,,
3305554,33149615,rural,privada,32.7,38.0,41.0,19.0,,63.9,5.0,5.0,5.0,5.0,,12.2,23.7,2.4,10.5,,1.0,0.0,0.0,5.3,,100.0
3305554,33045437,urbana,estadual,27.9,33.8,24.8,26.2,,74.5,5.2,5.3,5.2,5.1,,48.2,60.0,44.4,39.7,,3.4,1.5,7.5,1.5,,100.0
3305554,33045445,urbana,estadual,34.6,36.4,32.2,34.7,,83.0,5.2,5.2,5.2,5.2,,37.1,49.5,34.2,22.6,,1.8,1.5,2.2,2.0,,100.0
3305554,33045496,urbana,estadual,22.8,24.5,23.8,20.3,,67.5,7.8,8.0,8.2,7.0,,34.8,44.9,36.1,21.3,,1.7,3.0,0.9,0.9,,100.0
3305554,33045518,urbana,federal,26.3,28.0,24.8,26.2,,86.5,7.7,7.6,7.7,7.7,,12.2,12.1,15.3,9.2,,0.3,0.7,0.0,0.0,,100.0
3305554,33045410,urbana,municipal,,,,,,,,,,,,,,,,,,,,,,
3305554,33045615,urbana,municipal,,,,,,,,,,,,,,,,,,,,,,
3305554,33045666,urbana,municipal,,,,,,,,,,,,,,,,,,,,,,
3305554,33045674,urbana,municipal,,,,,,,,,,,,,,,,,,,,,,
3305554,33120218,urbana,municipal,,,,,,,,,,,,,,,,,,,,,,
3305554,33131139,urbana,municipal,,,,,,,,,,,,,,,,,,,,,,
3305554,33139180,urbana,municipal,,,,,,,,,,,,,,,,,,,,,,
3305554,33142017,urbana,municipal,,,,,,,,,,,,,,,,,,,,,,
3305554,33145610,urbana,municipal,,,,,,,,,,,,,,,,,,,,,,
3305554,33145679,urbana,municipal,,,,,,,,,,,,,,,,,,,,,,
3305554,33177902,urbana,municipal,,,,,,,,,,,,,,,,,,,,,,
3305554,33524211,urbana,municipal,,,,,,,,,,,,,,,,,,,,,,
3305554,33103500,urbana,privada,,,,,,,,,,,,,,,,,,,,,,
3305554,33130078,urbana,privada,,,,,,,,,,,,,,,,,,,,,,
3305554,33164347,urbana,privada,,,,,,,,,,,,,,,,,,,,,,
3305554,33170371,urbana,privada,21.7,24.0,23.0,18.0,,57.1,6.0,6.0,6.0,6.0,,3.1,4.2,0.0,5.6,,0.0,0.0,0.0,0.0,,85.7
3305554,33180393,urbana,privada,,,,,,,,,,,,,,,,,,,,,,
3305554,33541213,urbana,privada,,,,,,,,,,,,,,,,,,,,,,
3305554,33045445,rural,estadual,37.8,42.1,33.1,36.6,,,5.5,5.6,5.4,5.5,,45.8,44.3,49.1,44.8,,13.1,11.5,17.5,10.8,,
3305554,33045470,rural,estadual,42.4,53.8,39.2,35.0,,,5.2,5.3,5.2,5.4,,62.1,62.5,67.9,53.6,,29.0,33.8,33.7,18.1,,
3305554,33045496,rural,estadual,22.9,33.9,19.8,19.5,19.1,,6.0,6.8,5.6,5.6,5.6,40.8,33.8,48.5,43.1,39.6,2.0,1.2,2.7,1.7,3.0,
3305554,33045542,rural,estadual,30.8,38.5,28.0,18.0,,,5.1,5.0,5.8,4.7,,59.3,66.2,32.1,72.2,,21.9,23.9,7.7,35.3,,
3305554,33045550,rural,estadual,25.3,29.0,27.0,20.0,,,5.8,5.8,5.8,5.8,,36.8,34.5,40.7,35.0,,4.7,8.0,4.6,0.0,,
3305554,33045569,rural,estadual,24.9,27.7,25.0,20.5,,,4.9,5.0,4.8,4.9,,81.6,83.1,86.0,73.2,,48.9,59.3,53.2,23.9,,
3305554,33045186,rural,municipal,,,,,,,,,,,,,,,,,,,,,,
3305554,33045194,rural,municipal,,,,,,,,,,,,,,,,,,,,,,
3305554,33045593,rural,municipal,,,,,,,,,,,,,,,,,,,,,,
3305554,33045607,rural,municipal,,,,,,,,,,,,,,,,,,,,,,
3305554,33045623,rural,municipal,,,,,,,,,,,,,,,,,,,,,,
3305554,33045631,rural,municipal,,,,,,,,,,,,,,,,,,,,,,
3305554,33045640,rural,municipal,,,,,,,,,,,,,,,,,,,,,,
3305554,33045658,rural,municipal,,,,,,,,,,,,,,,,,,,,,,
3305554,33045682,rural,municipal,,,,,,,,,,,,,,,,,,,,,,
3305554,33045690,rural,municipal,,,,,,,,,,,,,,,,,,,,,,
3305554,33045704,rural,municipal,,,,,,,,,,,,,,,,,,,,,,
3305554,33045712,rural,municipal,,,,,,,,,,,,,,,,,,,,,,
3305554,33045720,rural,municipal,,,,,,,,,,,,,,,,,,,,,,
3305554,33045739,rural,municipal,,,,,,,,,,,,,,,,,,,,,,
3305554,33045747,rural,municipal,,,,,,,,,,,,,,,,,,,,,,
3305554,33045755,rural,municipal,,,,,,,,,,,,,,,,,,,,,,
3305554,33045763,rural,municipal,,,,,,,,,,,,,,,,,,,,,,
3305554,33120188,rural,municipal,,,,,,,,,,,,,,,,,,,,,,
3305554,33120196,rural,municipal,,,,,,,,,,,,,,,,,,,,,,
3305554,33120200,rural,municipal,,,,,,,,,,,,,,,,,,,,,,
3305554,33126763,rural,municipal,,,,,,,,,,,,,,,,,,,,,,
3305554,33126771,rural,municipal,,,,,,,,,,,,,,,,,,,,,,
3305554,33131147,rural,municipal,,,,,,,,,,,,,,,,,,,,,,
3305554,33131155,rural,municipal,,,,,,,,,,,,,,,,,,,,,,
3305554,33131198,rural,municipal,,,,,,,,,,,,,,,,,,,,,,
3305554,33139202,rural,municipal,,,,,,,,,,,,,,,,,,,,,,
3305554,33139229,rural,municipal,,,,,,,,,,,,,,,,,,,,,,
3305554,33141967,rural,municipal,,,,,,,,,,,,,,,,,,,,,,
3305554,33141975,rural,municipal,,,,,,,,,,,,,,,,,,,,,,
3305554,33141991,rural,municipal,,,,,,,,,,,,,,,,,,,,,,
3305554,33142009,rural,municipal,,,,,,,,,,,,,,,,,,,,,,
3305554,33145687,rural,municipal,,,,,,,,,,,,,,,,,,,,,,
3305554,33145695,rural,municipal,,,,,,,,,,,,,,,,,,,,,,
3305554,33149569,rural,municipal,,,,,,,,,,,,,,,,,,,,,,
3305554,33154465,rural,municipal,,,,,,,,,,,,,,,,,,,,,,
3305554,33045500,rural,privada,28.0,38.0,29.0,17.0,,,4.5,4.5,4.5,4.6,,4.8,5.3,6.9,,,0.0,0.0,0.0,0.0,,
3305554,33112657,rural,privada,,,,,,,,,,,,,,,,,,,,,,
3305554,33120161,rural,privada,,,,,,,,,,,,,,,,,,,,,,
3305554,33149615,rural,privada,38.3,36.0,46.0,33.0,,,4.8,5.0,5.0,4.2,,11.3,5.6,21.7,3.0,,0.0,0.0,0.0,0.0,,
3305554,33045437,urbana,estadual,31.6,35.4,30.8,27.8,,,5.3,5.3,5.4,5.3,,62.8,68.9,54.5,62.2,,19.9,19.4,20.1,20.6,,
3305554,33045577,urbana,estadual,27.7,25.2,31.3,28.3,,,5.6,5.7,5.7,5.5,,37.0,38.9,28.7,43.5,,12.9,10.3,16.3,12.7,,
3305554,33045518,urbana,federal,30.2,32.3,29.5,28.8,,,6.9,6.9,7.2,6.8,,9.9,7.0,11.0,12.2,,2.2,5.6,0.8,0.0,,
3305554,33045410,urbana,municipal,,,,,,,,,,,,,,,,,,,,,,
3305554,33045615,urbana,municipal,,,,,,,,,,,,,,,,,,,,,,
3305554,33045666,urbana,municipal,,,,,,,,,,,,,,,,,,,,,,
3305554,33045674,urbana,municipal,,,,,,,,,,,,,,,,,,,,,,
3305554,33120218,urbana,municipal,,,,,,,,,,,,,,,,,,,,,,
3305554,33131139,urbana,municipal,,,,,,,,,,,,,,,,,,,,,,
3305554,33139180,urbana,municipal,,,,,,,,,,,,,,,,,,,,,,
3305554,33142017,urbana,municipal,,,,,,,,,,,,,,,,,,,,,,
3305554,33145610,urbana,municipal,,,,,,,,,,,,,,,,,,,,,,
3305554,33145679,urbana,municipal,,,,,,,,,,,,,,,,,,,,,,
3305554,33524211,urbana,municipal,,,,,,,,,,,,,,,,,,,,,,
3305554,33045429,urbana,privada,8.3,4.0,11.0,10.0,,,5.3,5.3,5.3,5.3,,16.0,25.0,18.2,10.0,,0.0,0.0,0.0,0.0,,
3305554,33103500,urbana,privada,,,,,,,,,,,,,,,,,,,,,,
3305554,33103666,urbana,privada,19.7,23.0,23.0,13.0,,,5.2,5.2,5.2,5.2,,13.6,17.4,13.0,7.7,,0.0,0.0,0.0,0.0,,
3305554,33130078,urbana,privada,,,,,,,,,,,,,,,,,,,,,,
3305554,33131376,urbana,privada,,,,,,,,,,,,,,,,,,,,,,
3305554,33541213,urbana,privada,,,,,,,,,,,,,,,,,,,,,,